measurement_id,benchmark,label,repetition,timestamp_utc,status,actual_cu,transaction_bytes,error,sha_calls,sha_bytes,merkle_paths,merkle_levels,proof_bytes,proof_segments,upload_bytes,upload_chunks,heap_frame_bytes_requested,heap_pages_32k,ro_account_count,rw_account_count,account_data_bytes_read,account_data_bytes_written,field_add_sub_ops,field_mul_ops,field_inv_ops,extension_mul_ops
Noop-1776603612255-r0,Noop,noop,0,2026-04-19T13:00:12.255748+00:00,Success,342,210,,0,0,0,0,0,0,0,0,0,0,0,0,0,0,0,0,0,0
Noop-1776603612256-r1,Noop,noop,1,2026-04-19T13:00:12.256885+00:00,Success,342,210,,0,0,0,0,0,0,0,0,0,0,0,0,0,0,0,0,0,0
Noop-1776603612257-r2,Noop,noop,2,2026-04-19T13:00:12.257946+00:00,Success,342,210,,0,0,0,0,0,0,0,0,0,0,0,0,0,0,0,0,0,0
Noop-1776603612258-r3,Noop,noop,3,2026-04-19T13:00:12.258892+00:00,Success,342,210,,0,0,0,0,0,0,0,0,0,0,0,0,0,0,0,0,0,0
Noop-1776603612259-r4,Noop,noop,4,2026-04-19T13:00:12.259862+00:00,Success,342,210,,0,0,0,0,0,0,0,0,0,0,0,0,0,0,0,0,0,0
HashSyscall-1776603612260-r0,HashSyscall,hash/1x32,0,2026-04-19T13:00:12.260932+00:00,Success,1077,218,,1,65,0,0,0,0,0,0,0,0,0,0,0,0,0,0,0,0
HashSyscall-1776603612261-r1,HashSyscall,hash/1x32,1,2026-04-19T13:00:12.261675+00:00,Success,1077,218,,1,65,0,0,0,0,0,0,0,0,0,0,0,0,0,0,0,0
HashSyscall-1776603612262-r2,HashSyscall,hash/1x32,2,2026-04-19T13:00:12.262384+00:00,Success,1077,218,,1,65,0,0,0,0,0,0,0,0,0,0,0,0,0,0,0,0
HashSyscall-1776603612263-r0,HashSyscall,hash/4x32,0,2026-04-19T13:00:12.263113+00:00,Success,1599,218,,4,260,0,0,0,0,0,0,0,0,0,0,0,0,0,0,0,0
HashSyscall-1776603612263-r1,HashSyscall,hash/4x32,1,2026-04-19T13:00:12.263607+00:00,Success,1599,218,,4,260,0,0,0,0,0,0,0,0,0,0,0,0,0,0,0,0
HashSyscall-1776603612264-r2,HashSyscall,hash/4x32,2,2026-04-19T13:00:12.264277+00:00,Success,1599,218,,4,260,0,0,0,0,0,0,0,0,0,0,0,0,0,0,0,0
HashSyscall-1776603612265-r0,HashSyscall,hash/8x64,0,2026-04-19T13:00:12.265038+00:00,Success,2775,218,,8,776,0,0,0,0,0,0,0,0,0,0,0,0,0,0,0,0
HashSyscall-1776603612265-r1,HashSyscall,hash/8x64,1,2026-04-19T13:00:12.265869+00:00,Success,2775,218,,8,776,0,0,0,0,0,0,0,0,0,0,0,0,0,0,0,0
HashSyscall-1776603612266-r2,HashSyscall,hash/8x64,2,2026-04-19T13:00:12.266611+00:00,Success,2775,218,,8,776,0,0,0,0,0,0,0,0,0,0,0,0,0,0,0,0
HashSyscall-1776603612267-r0,HashSyscall,hash/16x64,0,2026-04-19T13:00:12.267278+00:00,Success,4295,218,,16,1552,0,0,0,0,0,0,0,0,0,0,0,0,0,0,0,0
HashSyscall-1776603612267-r1,HashSyscall,hash/16x64,1,2026-04-19T13:00:12.267997+00:00,Success,4295,218,,16,1552,0,0,0,0,0,0,0,0,0,0,0,0,0,0,0,0
HashSyscall-1776603612268-r2,HashSyscall,hash/16x64,2,2026-04-19T13:00:12.268709+00:00,Success,4295,218,,16,1552,0,0,0,0,0,0,0,0,0,0,0,0,0,0,0,0
HashSyscall-1776603612269-r0,HashSyscall,hash/16x256,0,2026-04-19T13:00:12.269440+00:00,Success,7943,218,,16,4624,0,0,0,0,0,0,0,0,0,0,0,0,0,0,0,0
HashSyscall-1776603612270-r1,HashSyscall,hash/16x256,1,2026-04-19T13:00:12.270159+00:00,Success,7943,218,,16,4624,0,0,0,0,0,0,0,0,0,0,0,0,0,0,0,0
HashSyscall-1776603612270-r2,HashSyscall,hash/16x256,2,2026-04-19T13:00:12.270899+00:00,Success,7943,218,,16,4624,0,0,0,0,0,0,0,0,0,0,0,0,0,0,0,0
HashSyscall-1776603612271-r0,HashSyscall,hash/32x256,0,2026-04-19T13:00:12.271635+00:00,Success,12519,218,,32,9248,0,0,0,0,0,0,0,0,0,0,0,0,0,0,0,0
HashSyscall-1776603612272-r1,HashSyscall,hash/32x256,1,2026-04-19T13:00:12.272366+00:00,Success,12519,218,,32,9248,0,0,0,0,0,0,0,0,0,0,0,0,0,0,0,0
HashSyscall-1776603612273-r2,HashSyscall,hash/32x256,2,2026-04-19T13:00:12.273108+00:00,Success,12519,218,,32,9248,0,0,0,0,0,0,0,0,0,0,0,0,0,0,0,0
HashSyscall-1776603612273-r0,HashSyscall,hash/32x512,0,2026-04-19T13:00:12.273881+00:00,Success,19431,218,,32,17440,0,0,0,0,0,0,0,0,0,0,0,0,0,0,0,0
HashSyscall-1776603612274-r1,HashSyscall,hash/32x512,1,2026-04-19T13:00:12.274709+00:00,Success,19431,218,,32,17440,0,0,0,0,0,0,0,0,0,0,0,0,0,0,0,0
HashSyscall-1776603612275-r2,HashSyscall,hash/32x512,2,2026-04-19T13:00:12.275464+00:00,Success,19431,218,,32,17440,0,0,0,0,0,0,0,0,0,0,0,0,0,0,0,0
MerklePath-1776603612276-r0,MerklePath,merkle/4d-1p-32b-Serial,0,2026-04-19T13:00:12.276207+00:00,Success,3267,223,,5,320,1,4,0,0,0,0,0,0,0,0,0,0,0,0,0,0
MerklePath-1776603612276-r1,MerklePath,merkle/4d-1p-32b-Serial,1,2026-04-19T13:00:12.276883+00:00,Success,3267,223,,5,320,1,4,0,0,0,0,0,0,0,0,0,0,0,0,0,0
MerklePath-1776603612277-r2,MerklePath,merkle/4d-1p-32b-Serial,2,2026-04-19T13:00:12.277552+00:00,Success,3267,223,,5,320,1,4,0,0,0,0,0,0,0,0,0,0,0,0,0,0
MerklePath-1776603612278-r0,MerklePath,merkle/8d-2p-32b-Serial,0,2026-04-19T13:00:12.278293+00:00,Success,10378,223,,18,1152,2,16,0,0,0,0,0,0,0,0,0,0,0,0,0,0
MerklePath-1776603612278-r1,MerklePath,merkle/8d-2p-32b-Serial,1,2026-04-19T13:00:12.278978+00:00,Success,10378,223,,18,1152,2,16,0,0,0,0,0,0,0,0,0,0,0,0,0,0
MerklePath-1776603612279-r2,MerklePath,merkle/8d-2p-32b-Serial,2,2026-04-19T13:00:12.279641+00:00,Success,10378,223,,18,1152,2,16,0,0,0,0,0,0,0,0,0,0,0,0,0,0
MerklePath-1776603612280-r0,MerklePath,merkle/12d-4p-32b-Interleaved,0,2026-04-19T13:00:12.280397+00:00,Success,28984,223,,52,3328,4,48,0,0,0,0,0,0,0,0,0,0,0,0,0,0
MerklePath-1776603612281-r1,MerklePath,merkle/12d-4p-32b-Interleaved,1,2026-04-19T13:00:12.281211+00:00,Success,28984,223,,52,3328,4,48,0,0,0,0,0,0,0,0,0,0,0,0,0,0
MerklePath-1776603612281-r2,MerklePath,merkle/12d-4p-32b-Interleaved,2,2026-04-19T13:00:12.281989+00:00,Success,28984,223,,52,3328,4,48,0,0,0,0,0,0,0,0,0,0,0,0,0,0
MerklePath-1776603612283-r0,MerklePath,merkle/16d-4p-64b-Serial,0,2026-04-19T13:00:12.283024+00:00,Success,61473,223,,68,6400,4,64,0,0,0,0,0,0,0,0,0,0,0,0,0,0
MerklePath-1776603612284-r1,MerklePath,merkle/16d-4p-64b-Serial,1,2026-04-19T13:00:12.284015+00:00,Success,61473,223,,68,6400,4,64,0,0,0,0,0,0,0,0,0,0,0,0,0,0
MerklePath-1776603612285-r2,MerklePath,merkle/16d-4p-64b-Serial,2,2026-04-19T13:00:12.285020+00:00,Success,61473,223,,68,6400,4,64,0,0,0,0,0,0,0,0,0,0,0,0,0,0
MerklePath-1776603612286-r0,MerklePath,merkle/20d-8p-32b-Interleaved,0,2026-04-19T13:00:12.286170+00:00,Success,92712,223,,168,10752,8,160,0,0,0,0,0,0,0,0,0,0,0,0,0,0
MerklePath-1776603612287-r1,MerklePath,merkle/20d-8p-32b-Interleaved,1,2026-04-19T13:00:12.287340+00:00,Success,92712,223,,168,10752,8,160,0,0,0,0,0,0,0,0,0,0,0,0,0,0
MerklePath-1776603612288-r2,MerklePath,merkle/20d-8p-32b-Interleaved,2,2026-04-19T13:00:12.288536+00:00,Success,92712,223,,168,10752,8,160,0,0,0,0,0,0,0,0,0,0,0,0,0,0
FieldArithmetic-1776603612289-r0,FieldArithmetic,field/AddSub-512,0,2026-04-19T13:00:12.289486+00:00,Success,57222,215,,0,0,0,0,0,0,0,0,0,0,0,0,0,0,1536,0,0,0
FieldArithmetic-1776603612290-r1,FieldArithmetic,field/AddSub-512,1,2026-04-19T13:00:12.290415+00:00,Success,57222,215,,0,0,0,0,0,0,0,0,0,0,0,0,0,0,1536,0,0,0
FieldArithmetic-1776603612291-r2,FieldArithmetic,field/AddSub-512,2,2026-04-19T13:00:12.291330+00:00,Success,57222,215,,0,0,0,0,0,0,0,0,0,0,0,0,0,0,1536,0,0,0
FieldArithmetic-1776603612295-r0,FieldArithmetic,field/AddSub-4096,0,2026-04-19T13:00:12.295037+00:00,Success,455046,215,,0,0,0,0,0,0,0,0,0,0,0,0,0,0,12288,0,0,0
FieldArithmetic-1776603612298-r1,FieldArithmetic,field/AddSub-4096,1,2026-04-19T13:00:12.298700+00:00,Success,455046,215,,0,0,0,0,0,0,0,0,0,0,0,0,0,0,12288,0,0,0
FieldArithmetic-1776603612302-r2,FieldArithmetic,field/AddSub-4096,2,2026-04-19T13:00:12.302328+00:00,Success,455046,215,,0,0,0,0,0,0,0,0,0,0,0,0,0,0,12288,0,0,0
FieldArithmetic-1776603612305-r0,FieldArithmetic,field/Mul-256,0,2026-04-19T13:00:12.305784+00:00,Success,378098,215,,0,0,0,0,0,0,0,0,0,0,0,0,0,0,0,768,0,0
FieldArithmetic-1776603612309-r1,FieldArithmetic,field/Mul-256,1,2026-04-19T13:00:12.309201+00:00,Success,378098,215,,0,0,0,0,0,0,0,0,0,0,0,0,0,0,0,768,0,0
FieldArithmetic-1776603612312-r2,FieldArithmetic,field/Mul-256,2,2026-04-19T13:00:12.312492+00:00,Success,378098,215,,0,0,0,0,0,0,0,0,0,0,0,0,0,0,0,768,0,0
FieldArithmetic-1776603612323-r0,FieldArithmetic,field/Mul-2048,0,2026-04-19T13:00:12.323124+00:00,Failed,1400000,215,"{""InstructionError"":[1,""ProgramFailedToComplete""]}",0,0,0,0,0,0,0,0,0,0,0,0,0,0,0,6144,0,0
FieldArithmetic-1776603612333-r1,FieldArithmetic,field/Mul-2048,1,2026-04-19T13:00:12.333168+00:00,Failed,1400000,215,"{""InstructionError"":[1,""ProgramFailedToComplete""]}",0,0,0,0,0,0,0,0,0,0,0,0,0,0,0,6144,0,0
FieldArithmetic-1776603612343-r2,FieldArithmetic,field/Mul-2048,2,2026-04-19T13:00:12.343229+00:00,Failed,1400000,215,"{""InstructionError"":[1,""ProgramFailedToComplete""]}",0,0,0,0,0,0,0,0,0,0,0,0,0,0,0,6144,0,0
FieldArithmetic-1776603612345-r0,FieldArithmetic,field/Inv-16,0,2026-04-19T13:00:12.345723+00:00,Success,361369,215,,0,0,0,0,0,0,0,0,0,0,0,0,0,0,0,0,32,0
FieldArithmetic-1776603612348-r1,FieldArithmetic,field/Inv-16,1,2026-04-19T13:00:12.348278+00:00,Success,361369,215,,0,0,0,0,0,0,0,0,0,0,0,0,0,0,0,0,32,0
FieldArithmetic-1776603612350-r2,FieldArithmetic,field/Inv-16,2,2026-04-19T13:00:12.350515+00:00,Success,361369,215,,0,0,0,0,0,0,0,0,0,0,0,0,0,0,0,0,32,0
FieldArithmetic-1776603612357-r0,FieldArithmetic,field/Inv-64,0,2026-04-19T13:00:12.357725+00:00,Failed,1400000,215,"{""InstructionError"":[1,""ProgramFailedToComplete""]}",0,0,0,0,0,0,0,0,0,0,0,0,0,0,0,0,128,0
FieldArithmetic-1776603612366-r1,FieldArithmetic,field/Inv-64,1,2026-04-19T13:00:12.366107+00:00,Failed,1400000,215,"{""InstructionError"":[1,""ProgramFailedToComplete""]}",0,0,0,0,0,0,0,0,0,0,0,0,0,0,0,0,128,0
FieldArithmetic-1776603612374-r2,FieldArithmetic,field/Inv-64,2,2026-04-19T13:00:12.374822+00:00,Failed,1400000,215,"{""InstructionError"":[1,""ProgramFailedToComplete""]}",0,0,0,0,0,0,0,0,0,0,0,0,0,0,0,0,128,0
FieldArithmetic-1776603612380-r0,FieldArithmetic,field/ExtensionMul-256,0,2026-04-19T13:00:12.380778+00:00,Success,813639,215,,0,0,0,0,0,0,0,0,0,0,0,0,0,0,0,0,0,256
FieldArithmetic-1776603612386-r1,FieldArithmetic,field/ExtensionMul-256,1,2026-04-19T13:00:12.386996+00:00,Success,813639,215,,0,0,0,0,0,0,0,0,0,0,0,0,0,0,0,0,0,256
FieldArithmetic-1776603612393-r2,FieldArithmetic,field/ExtensionMul-256,2,2026-04-19T13:00:12.393198+00:00,Success,813639,215,,0,0,0,0,0,0,0,0,0,0,0,0,0,0,0,0,0,256
FieldArithmetic-1776603612401-r0,FieldArithmetic,field/ExtensionMul-1024,0,2026-04-19T13:00:12.401841+00:00,Failed,1400000,215,"{""InstructionError"":[1,""ProgramFailedToComplete""]}",0,0,0,0,0,0,0,0,0,0,0,0,0,0,0,0,0,1024
FieldArithmetic-1776603612411-r1,FieldArithmetic,field/ExtensionMul-1024,1,2026-04-19T13:00:12.411947+00:00,Failed,1400000,215,"{""InstructionError"":[1,""ProgramFailedToComplete""]}",0,0,0,0,0,0,0,0,0,0,0,0,0,0,0,0,0,1024
FieldArithmetic-1776603612421-r2,FieldArithmetic,field/ExtensionMul-1024,2,2026-04-19T13:00:12.421780+00:00,Failed,1400000,215,"{""InstructionError"":[1,""ProgramFailedToComplete""]}",0,0,0,0,0,0,0,0,0,0,0,0,0,0,0,0,0,1024
HeapFrame-1776603612422-r0,HeapFrame,heap/32768-8192,0,2026-04-19T13:00:12.422650+00:00,Success,84442,226,,0,0,0,0,0,0,0,0,32768,1,0,0,0,0,0,0,0,0
HeapFrame-1776603612423-r1,HeapFrame,heap/32768-8192,1,2026-04-19T13:00:12.423496+00:00,Success,84442,226,,0,0,0,0,0,0,0,0,32768,1,0,0,0,0,0,0,0,0
HeapFrame-1776603612424-r2,HeapFrame,heap/32768-8192,2,2026-04-19T13:00:12.424410+00:00,Success,84442,226,,0,0,0,0,0,0,0,0,32768,1,0,0,0,0,0,0,0,0
HeapFrame-1776603612425-r0,HeapFrame,heap/65536-16384,0,2026-04-19T13:00:12.425685+00:00,Success,168323,226,,0,0,0,0,0,0,0,0,65536,2,0,0,0,0,0,0,0,0
HeapFrame-1776603612426-r1,HeapFrame,heap/65536-16384,1,2026-04-19T13:00:12.426963+00:00,Success,168323,226,,0,0,0,0,0,0,0,0,65536,2,0,0,0,0,0,0,0,0
HeapFrame-1776603612428-r2,HeapFrame,heap/65536-16384,2,2026-04-19T13:00:12.428260+00:00,Success,168323,226,,0,0,0,0,0,0,0,0,65536,2,0,0,0,0,0,0,0,0
HeapFrame-1776603612428-r0,HeapFrame,heap/131072-65536,0,2026-04-19T13:00:12.428748+00:00,Failed,660,226,"{""InstructionError"":[2,""ProgramFailedToComplete""]}",0,0,0,0,0,0,0,0,131072,4,0,0,0,0,0,0,0,0
HeapFrame-1776603612429-r1,HeapFrame,heap/131072-65536,1,2026-04-19T13:00:12.429194+00:00,Failed,660,226,"{""InstructionError"":[2,""ProgramFailedToComplete""]}",0,0,0,0,0,0,0,0,131072,4,0,0,0,0,0,0,0,0
HeapFrame-1776603612429-r2,HeapFrame,heap/131072-65536,2,2026-04-19T13:00:12.429650+00:00,Failed,660,226,"{""InstructionError"":[2,""ProgramFailedToComplete""]}",0,0,0,0,0,0,0,0,131072,4,0,0,0,0,0,0,0,0
HeapFrame-1776603612430-r0,HeapFrame,heap/196608-131072,0,2026-04-19T13:00:12.430109+00:00,Failed,676,226,"{""InstructionError"":[2,""ProgramFailedToComplete""]}",0,0,0,0,0,0,0,0,196608,6,0,0,0,0,0,0,0,0
HeapFrame-1776603612430-r1,HeapFrame,heap/196608-131072,1,2026-04-19T13:00:12.430548+00:00,Failed,676,226,"{""InstructionError"":[2,""ProgramFailedToComplete""]}",0,0,0,0,0,0,0,0,196608,6,0,0,0,0,0,0,0,0
HeapFrame-1776603612430-r2,HeapFrame,heap/196608-131072,2,2026-04-19T13:00:12.430994+00:00,Failed,676,226,"{""InstructionError"":[2,""ProgramFailedToComplete""]}",0,0,0,0,0,0,0,0,196608,6,0,0,0,0,0,0,0,0
HeapFrame-1776603612431-r0,HeapFrame,heap/262144-196608,0,2026-04-19T13:00:12.431510+00:00,Failed,692,226,"{""InstructionError"":[2,""ProgramFailedToComplete""]}",0,0,0,0,0,0,0,0,262144,8,0,0,0,0,0,0,0,0
HeapFrame-1776603612432-r1,HeapFrame,heap/262144-196608,1,2026-04-19T13:00:12.432003+00:00,Failed,692,226,"{""InstructionError"":[2,""ProgramFailedToComplete""]}",0,0,0,0,0,0,0,0,262144,8,0,0,0,0,0,0,0,0
HeapFrame-1776603612432-r2,HeapFrame,heap/262144-196608,2,2026-04-19T13:00:12.432444+00:00,Failed,692,226,"{""InstructionError"":[2,""ProgramFailedToComplete""]}",0,0,0,0,0,0,0,0,262144,8,0,0,0,0,0,0,0,0
AccountIo-1776603614209-r0,AccountIo,account-io/2-1-512-128-true,0,2026-04-19T13:00:14.209066+00:00,Success,2800,318,,0,0,0,0,0,0,0,0,0,0,2,1,1536,128,0,0,0,0
AccountIo-1776603614210-r1,AccountIo,account-io/2-1-512-128-true,1,2026-04-19T13:00:14.210037+00:00,Success,2800,318,,0,0,0,0,0,0,0,0,0,0,2,1,1536,128,0,0,0,0
AccountIo-1776603614210-r2,AccountIo,account-io/2-1-512-128-true,2,2026-04-19T13:00:14.210883+00:00,Success,2800,318,,0,0,0,0,0,0,0,0,0,0,2,1,1536,128,0,0,0,0
AccountIo-1776603617046-r0,AccountIo,account-io/4-2-2048-256-true,0,2026-04-19T13:00:17.046478+00:00,Success,10314,417,,0,0,0,0,0,0,0,0,0,0,4,2,12288,512,0,0,0,0
AccountIo-1776603617047-r1,AccountIo,account-io/4-2-2048-256-true,1,2026-04-19T13:00:17.047515+00:00,Success,10314,417,,0,0,0,0,0,0,0,0,0,0,4,2,12288,512,0,0,0,0
AccountIo-1776603617048-r2,AccountIo,account-io/4-2-2048-256-true,2,2026-04-19T13:00:17.048477+00:00,Success,10314,417,,0,0,0,0,0,0,0,0,0,0,4,2,12288,512,0,0,0,0
AccountIo-1776603619896-r0,AccountIo,account-io/4-2-4096-512-false,0,2026-04-19T13:00:19.896698+00:00,Success,921296,417,,0,0,0,0,0,0,0,0,0,0,4,2,24576,1024,0,0,0,0
AccountIo-1776603619905-r1,AccountIo,account-io/4-2-4096-512-false,1,2026-04-19T13:00:19.906+00:00,Success,921296,417,,0,0,0,0,0,0,0,0,0,0,4,2,24576,1024,0,0,0,0
AccountIo-1776603619913-r2,AccountIo,account-io/4-2-4096-512-false,2,2026-04-19T13:00:19.913606+00:00,Success,921296,417,,0,0,0,0,0,0,0,0,0,0,4,2,24576,1024,0,0,0,0
AccountIo-1776603624529-r0,AccountIo,account-io/8-2-8192-1024-false,0,2026-04-19T13:00:24.529663+00:00,Failed,1400000,549,"{""InstructionError"":[1,""ProgramFailedToComplete""]}",0,0,0,0,0,0,0,0,0,0,8,2,81920,2048,0,0,0,0
AccountIo-1776603624542-r1,AccountIo,account-io/8-2-8192-1024-false,1,2026-04-19T13:00:24.542890+00:00,Failed,1400000,549,"{""InstructionError"":[1,""ProgramFailedToComplete""]}",0,0,0,0,0,0,0,0,0,0,8,2,81920,2048,0,0,0,0
AccountIo-1776603624554-r2,AccountIo,account-io/8-2-8192-1024-false,2,2026-04-19T13:00:24.554445+00:00,Failed,1400000,549,"{""InstructionError"":[1,""ProgramFailedToComplete""]}",0,0,0,0,0,0,0,0,0,0,8,2,81920,2048,0,0,0,0
UploadPath-1776603624811-r0,UploadPath,upload/1024-240-false/chunk-0,0,2026-04-19T13:00:24.811453+00:00,Success,836,525,,0,0,0,0,0,0,240,1,0,0,0,0,0,0,0,0,0,0
UploadPath-1776603624812-r1,UploadPath,upload/1024-240-false/chunk-0,1,2026-04-19T13:00:24.812882+00:00,Success,836,525,,0,0,0,0,0,0,240,1,0,0,0,0,0,0,0,0,0,0
UploadPath-1776603625067-r0,UploadPath,upload/1024-240-false/chunk-1,0,2026-04-19T13:00:25.067722+00:00,Success,836,525,,0,0,0,0,0,0,240,1,0,0,0,0,0,0,0,0,0,0
UploadPath-1776603625069-r1,UploadPath,upload/1024-240-false/chunk-1,1,2026-04-19T13:00:25.069142+00:00,Success,836,525,,0,0,0,0,0,0,240,1,0,0,0,0,0,0,0,0,0,0
UploadPath-1776603625327-r0,UploadPath,upload/1024-240-false/chunk-2,0,2026-04-19T13:00:25.327630+00:00,Success,836,525,,0,0,0,0,0,0,240,1,0,0,0,0,0,0,0,0,0,0
UploadPath-1776603625328-r1,UploadPath,upload/1024-240-false/chunk-2,1,2026-04-19T13:00:25.328917+00:00,Success,836,525,,0,0,0,0,0,0,240,1,0,0,0,0,0,0,0,0,0,0
UploadPath-1776603625588-r0,UploadPath,upload/1024-240-false/chunk-3,0,2026-04-19T13:00:25.588369+00:00,Success,836,525,,0,0,0,0,0,0,240,1,0,0,0,0,0,0,0,0,0,0
UploadPath-1776603625590-r1,UploadPath,upload/1024-240-false/chunk-3,1,2026-04-19T13:00:25.590400+00:00,Success,836,525,,0,0,0,0,0,0,240,1,0,0,0,0,0,0,0,0,0,0
UploadPath-1776603625849-r0,UploadPath,upload/1024-240-false/chunk-4,0,2026-04-19T13:00:25.849606+00:00,Success,836,348,,0,0,0,0,0,0,64,1,0,0,0,0,0,0,0,0,0,0
UploadPath-1776603625851-r1,UploadPath,upload/1024-240-false/chunk-4,1,2026-04-19T13:00:25.851086+00:00,Success,836,348,,0,0,0,0,0,0,64,1,0,0,0,0,0,0,0,0,0,0
UploadPath-1776603626567-r0,UploadPath,upload/4096-480-false/chunk-0,0,2026-04-19T13:00:26.567983+00:00,Success,836,765,,0,0,0,0,0,0,480,1,0,0,0,0,0,0,0,0,0,0
UploadPath-1776603626569-r1,UploadPath,upload/4096-480-false/chunk-0,1,2026-04-19T13:00:26.569287+00:00,Success,836,765,,0,0,0,0,0,0,480,1,0,0,0,0,0,0,0,0,0,0
UploadPath-1776603626825-r0,UploadPath,upload/4096-480-false/chunk-1,0,2026-04-19T13:00:26.825650+00:00,Success,836,765,,0,0,0,0,0,0,480,1,0,0,0,0,0,0,0,0,0,0
UploadPath-1776603626826-r1,UploadPath,upload/4096-480-false/chunk-1,1,2026-04-19T13:00:26.826830+00:00,Success,836,765,,0,0,0,0,0,0,480,1,0,0,0,0,0,0,0,0,0,0
UploadPath-1776603627083-r0,UploadPath,upload/4096-480-false/chunk-2,0,2026-04-19T13:00:27.083119+00:00,Success,836,765,,0,0,0,0,0,0,480,1,0,0,0,0,0,0,0,0,0,0
UploadPath-1776603627084-r1,UploadPath,upload/4096-480-false/chunk-2,1,2026-04-19T13:00:27.084417+00:00,Success,836,765,,0,0,0,0,0,0,480,1,0,0,0,0,0,0,0,0,0,0
UploadPath-1776603627338-r0,UploadPath,upload/4096-480-false/chunk-3,0,2026-04-19T13:00:27.338869+00:00,Success,836,765,,0,0,0,0,0,0,480,1,0,0,0,0,0,0,0,0,0,0
UploadPath-1776603627340-r1,UploadPath,upload/4096-480-false/chunk-3,1,2026-04-19T13:00:27.340542+00:00,Success,836,765,,0,0,0,0,0,0,480,1,0,0,0,0,0,0,0,0,0,0
UploadPath-1776603627599-r0,UploadPath,upload/4096-480-false/chunk-4,0,2026-04-19T13:00:27.599200+00:00,Success,836,765,,0,0,0,0,0,0,480,1,0,0,0,0,0,0,0,0,0,0
UploadPath-1776603627600-r1,UploadPath,upload/4096-480-false/chunk-4,1,2026-04-19T13:00:27.600649+00:00,Success,836,765,,0,0,0,0,0,0,480,1,0,0,0,0,0,0,0,0,0,0
UploadPath-1776603627855-r0,UploadPath,upload/4096-480-false/chunk-5,0,2026-04-19T13:00:27.855325+00:00,Success,836,765,,0,0,0,0,0,0,480,1,0,0,0,0,0,0,0,0,0,0
UploadPath-1776603627856-r1,UploadPath,upload/4096-480-false/chunk-5,1,2026-04-19T13:00:27.856694+00:00,Success,836,765,,0,0,0,0,0,0,480,1,0,0,0,0,0,0,0,0,0,0
UploadPath-1776603628111-r0,UploadPath,upload/4096-480-false/chunk-6,0,2026-04-19T13:00:28.111040+00:00,Success,836,765,,0,0,0,0,0,0,480,1,0,0,0,0,0,0,0,0,0,0
UploadPath-1776603628112-r1,UploadPath,upload/4096-480-false/chunk-6,1,2026-04-19T13:00:28.112371+00:00,Success,836,765,,0,0,0,0,0,0,480,1,0,0,0,0,0,0,0,0,0,0
UploadPath-1776603628367-r0,UploadPath,upload/4096-480-false/chunk-7,0,2026-04-19T13:00:28.367908+00:00,Success,836,765,,0,0,0,0,0,0,480,1,0,0,0,0,0,0,0,0,0,0
UploadPath-1776603628369-r1,UploadPath,upload/4096-480-false/chunk-7,1,2026-04-19T13:00:28.369699+00:00,Success,836,765,,0,0,0,0,0,0,480,1,0,0,0,0,0,0,0,0,0,0
UploadPath-1776603628627-r0,UploadPath,upload/4096-480-false/chunk-8,0,2026-04-19T13:00:28.627026+00:00,Success,836,541,,0,0,0,0,0,0,256,1,0,0,0,0,0,0,0,0,0,0
UploadPath-1776603628628-r1,UploadPath,upload/4096-480-false/chunk-8,1,2026-04-19T13:00:28.628331+00:00,Success,836,541,,0,0,0,0,0,0,256,1,0,0,0,0,0,0,0,0,0,0
UploadPath-1776603629355-r0,UploadPath,upload/4096-480-true/chunk-0,0,2026-04-19T13:00:29.355336+00:00,Success,1211,765,,1,512,0,0,0,0,480,1,0,0,0,0,0,0,0,0,0,0
UploadPath-1776603629356-r1,UploadPath,upload/4096-480-true/chunk-0,1,2026-04-19T13:00:29.356788+00:00,Success,1211,765,,1,512,0,0,0,0,480,1,0,0,0,0,0,0,0,0,0,0
UploadPath-1776603629613-r0,UploadPath,upload/4096-480-true/chunk-1,0,2026-04-19T13:00:29.613070+00:00,Success,1211,765,,1,512,0,0,0,0,480,1,0,0,0,0,0,0,0,0,0,0
UploadPath-1776603629614-r1,UploadPath,upload/4096-480-true/chunk-1,1,2026-04-19T13:00:29.614698+00:00,Success,1211,765,,1,512,0,0,0,0,480,1,0,0,0,0,0,0,0,0,0,0
UploadPath-1776603629873-r0,UploadPath,upload/4096-480-true/chunk-2,0,2026-04-19T13:00:29.873341+00:00,Success,1211,765,,1,512,0,0,0,0,480,1,0,0,0,0,0,0,0,0,0,0
UploadPath-1776603629874-r1,UploadPath,upload/4096-480-true/chunk-2,1,2026-04-19T13:00:29.874818+00:00,Success,1211,765,,1,512,0,0,0,0,480,1,0,0,0,0,0,0,0,0,0,0
UploadPath-1776603630135-r0,UploadPath,upload/4096-480-true/chunk-3,0,2026-04-19T13:00:30.135831+00:00,Success,1211,765,,1,512,0,0,0,0,480,1,0,0,0,0,0,0,0,0,0,0
UploadPath-1776603630139-r1,UploadPath,upload/4096-480-true/chunk-3,1,2026-04-19T13:00:30.139448+00:00,Success,1211,765,,1,512,0,0,0,0,480,1,0,0,0,0,0,0,0,0,0,0
UploadPath-1776603630394-r0,UploadPath,upload/4096-480-true/chunk-4,0,2026-04-19T13:00:30.394889+00:00,Success,1211,765,,1,512,0,0,0,0,480,1,0,0,0,0,0,0,0,0,0,0
UploadPath-1776603630396-r1,UploadPath,upload/4096-480-true/chunk-4,1,2026-04-19T13:00:30.396695+00:00,Success,1211,765,,1,512,0,0,0,0,480,1,0,0,0,0,0,0,0,0,0,0
UploadPath-1776603630657-r0,UploadPath,upload/4096-480-true/chunk-5,0,2026-04-19T13:00:30.657017+00:00,Success,1211,765,,1,512,0,0,0,0,480,1,0,0,0,0,0,0,0,0,0,0
UploadPath-1776603630659-r1,UploadPath,upload/4096-480-true/chunk-5,1,2026-04-19T13:00:30.659309+00:00,Success,1211,765,,1,512,0,0,0,0,480,1,0,0,0,0,0,0,0,0,0,0
UploadPath-1776603630920-r0,UploadPath,upload/4096-480-true/chunk-6,0,2026-04-19T13:00:30.920623+00:00,Success,1211,765,,1,512,0,0,0,0,480,1,0,0,0,0,0,0,0,0,0,0
UploadPath-1776603630922-r1,UploadPath,upload/4096-480-true/chunk-6,1,2026-04-19T13:00:30.922860+00:00,Success,1211,765,,1,512,0,0,0,0,480,1,0,0,0,0,0,0,0,0,0,0
UploadPath-1776603631178-r0,UploadPath,upload/4096-480-true/chunk-7,0,2026-04-19T13:00:31.178091+00:00,Success,1211,765,,1,512,0,0,0,0,480,1,0,0,0,0,0,0,0,0,0,0
UploadPath-1776603631179-r1,UploadPath,upload/4096-480-true/chunk-7,1,2026-04-19T13:00:31.179551+00:00,Success,1211,765,,1,512,0,0,0,0,480,1,0,0,0,0,0,0,0,0,0,0
UploadPath-1776603631435-r0,UploadPath,upload/4096-480-true/chunk-8,0,2026-04-19T13:00:31.435483+00:00,Success,1099,541,,1,288,0,0,0,0,256,1,0,0,0,0,0,0,0,0,0,0
UploadPath-1776603631436-r1,UploadPath,upload/4096-480-true/chunk-8,1,2026-04-19T13:00:31.436860+00:00,Success,1099,541,,1,288,0,0,0,0,256,1,0,0,0,0,0,0,0,0,0,0
UploadPath-1776603632158-r0,UploadPath,upload/8192-640-true/chunk-0,0,2026-04-19T13:00:32.158055+00:00,Success,1291,925,,1,672,0,0,0,0,640,1,0,0,0,0,0,0,0,0,0,0
UploadPath-1776603632158-r1,UploadPath,upload/8192-640-true/chunk-0,1,2026-04-19T13:00:32.158945+00:00,Success,1291,925,,1,672,0,0,0,0,640,1,0,0,0,0,0,0,0,0,0,0
UploadPath-1776603632418-r0,UploadPath,upload/8192-640-true/chunk-1,0,2026-04-19T13:00:32.418645+00:00,Success,1291,925,,1,672,0,0,0,0,640,1,0,0,0,0,0,0,0,0,0,0
UploadPath-1776603632421-r1,UploadPath,upload/8192-640-true/chunk-1,1,2026-04-19T13:00:32.421254+00:00,Success,1291,925,,1,672,0,0,0,0,640,1,0,0,0,0,0,0,0,0,0,0
UploadPath-1776603632683-r0,UploadPath,upload/8192-640-true/chunk-2,0,2026-04-19T13:00:32.683068+00:00,Success,1291,925,,1,672,0,0,0,0,640,1,0,0,0,0,0,0,0,0,0,0
UploadPath-1776603632685-r1,UploadPath,upload/8192-640-true/chunk-2,1,2026-04-19T13:00:32.685032+00:00,Success,1291,925,,1,672,0,0,0,0,640,1,0,0,0,0,0,0,0,0,0,0
UploadPath-1776603632944-r0,UploadPath,upload/8192-640-true/chunk-3,0,2026-04-19T13:00:32.944154+00:00,Success,1291,925,,1,672,0,0,0,0,640,1,0,0,0,0,0,0,0,0,0,0
UploadPath-1776603632945-r1,UploadPath,upload/8192-640-true/chunk-3,1,2026-04-19T13:00:32.945609+00:00,Success,1291,925,,1,672,0,0,0,0,640,1,0,0,0,0,0,0,0,0,0,0
UploadPath-1776603633204-r0,UploadPath,upload/8192-640-true/chunk-4,0,2026-04-19T13:00:33.204385+00:00,Success,1291,925,,1,672,0,0,0,0,640,1,0,0,0,0,0,0,0,0,0,0
UploadPath-1776603633206-r1,UploadPath,upload/8192-640-true/chunk-4,1,2026-04-19T13:00:33.206163+00:00,Success,1291,925,,1,672,0,0,0,0,640,1,0,0,0,0,0,0,0,0,0,0
UploadPath-1776603633466-r0,UploadPath,upload/8192-640-true/chunk-5,0,2026-04-19T13:00:33.466307+00:00,Success,1291,925,,1,672,0,0,0,0,640,1,0,0,0,0,0,0,0,0,0,0
UploadPath-1776603633468-r1,UploadPath,upload/8192-640-true/chunk-5,1,2026-04-19T13:00:33.468456+00:00,Success,1291,925,,1,672,0,0,0,0,640,1,0,0,0,0,0,0,0,0,0,0
UploadPath-1776603633724-r0,UploadPath,upload/8192-640-true/chunk-6,0,2026-04-19T13:00:33.724111+00:00,Success,1291,925,,1,672,0,0,0,0,640,1,0,0,0,0,0,0,0,0,0,0
UploadPath-1776603633725-r1,UploadPath,upload/8192-640-true/chunk-6,1,2026-04-19T13:00:33.725721+00:00,Success,1291,925,,1,672,0,0,0,0,640,1,0,0,0,0,0,0,0,0,0,0
UploadPath-1776603633981-r0,UploadPath,upload/8192-640-true/chunk-7,0,2026-04-19T13:00:33.981374+00:00,Success,1291,925,,1,672,0,0,0,0,640,1,0,0,0,0,0,0,0,0,0,0
UploadPath-1776603633982-r1,UploadPath,upload/8192-640-true/chunk-7,1,2026-04-19T13:00:33.982843+00:00,Success,1291,925,,1,672,0,0,0,0,640,1,0,0,0,0,0,0,0,0,0,0
UploadPath-1776603634240-r0,UploadPath,upload/8192-640-true/chunk-8,0,2026-04-19T13:00:34.240623+00:00,Success,1291,925,,1,672,0,0,0,0,640,1,0,0,0,0,0,0,0,0,0,0
UploadPath-1776603634241-r1,UploadPath,upload/8192-640-true/chunk-8,1,2026-04-19T13:00:34.241713+00:00,Success,1291,925,,1,672,0,0,0,0,640,1,0,0,0,0,0,0,0,0,0,0
UploadPath-1776603634496-r0,UploadPath,upload/8192-640-true/chunk-9,0,2026-04-19T13:00:34.496884+00:00,Success,1291,925,,1,672,0,0,0,0,640,1,0,0,0,0,0,0,0,0,0,0
UploadPath-1776603634498-r1,UploadPath,upload/8192-640-true/chunk-9,1,2026-04-19T13:00:34.498335+00:00,Success,1291,925,,1,672,0,0,0,0,640,1,0,0,0,0,0,0,0,0,0,0
UploadPath-1776603634758-r0,UploadPath,upload/8192-640-true/chunk-10,0,2026-04-19T13:00:34.758575+00:00,Success,1291,925,,1,672,0,0,0,0,640,1,0,0,0,0,0,0,0,0,0,0
UploadPath-1776603634761-r1,UploadPath,upload/8192-640-true/chunk-10,1,2026-04-19T13:00:34.761035+00:00,Success,1291,925,,1,672,0,0,0,0,640,1,0,0,0,0,0,0,0,0,0,0
UploadPath-1776603635021-r0,UploadPath,upload/8192-640-true/chunk-11,0,2026-04-19T13:00:35.021558+00:00,Success,1291,925,,1,672,0,0,0,0,640,1,0,0,0,0,0,0,0,0,0,0
UploadPath-1776603635023-r1,UploadPath,upload/8192-640-true/chunk-11,1,2026-04-19T13:00:35.023631+00:00,Success,1291,925,,1,672,0,0,0,0,640,1,0,0,0,0,0,0,0,0,0,0
UploadPath-1776603635279-r0,UploadPath,upload/8192-640-true/chunk-12,0,2026-04-19T13:00:35.279864+00:00,Success,1227,797,,1,544,0,0,0,0,512,1,0,0,0,0,0,0,0,0,0,0
UploadPath-1776603635281-r1,UploadPath,upload/8192-640-true/chunk-12,1,2026-04-19T13:00:35.281556+00:00,Success,1227,797,,1,544,0,0,0,0,512,1,0,0,0,0,0,0,0,0,0,0
ProofParsing-1776603636677-r0,ProofParsing,parse/512-4-FixedWidth,0,2026-04-19T13:00:36.677583+00:00,Success,4703,248,,0,0,0,0,512,4,0,0,0,0,0,0,0,0,0,0,0,0
ProofParsing-1776603636680-r1,ProofParsing,parse/512-4-FixedWidth,1,2026-04-19T13:00:36.680736+00:00,Success,4703,248,,0,0,0,0,512,4,0,0,0,0,0,0,0,0,0,0,0,0
ProofParsing-1776603636682-r2,ProofParsing,parse/512-4-FixedWidth,2,2026-04-19T13:00:36.682604+00:00,Success,4703,248,,0,0,0,0,512,4,0,0,0,0,0,0,0,0,0,0,0,0
ProofParsing-1776603638544-r0,ProofParsing,parse/2048-8-FixedWidth,0,2026-04-19T13:00:38.544854+00:00,Success,16979,248,,0,0,0,0,2048,8,0,0,0,0,0,0,0,0,0,0,0,0
ProofParsing-1776603638546-r1,ProofParsing,parse/2048-8-FixedWidth,1,2026-04-19T13:00:38.546589+00:00,Success,16979,248,,0,0,0,0,2048,8,0,0,0,0,0,0,0,0,0,0,0,0
ProofParsing-1776603638548-r2,ProofParsing,parse/2048-8-FixedWidth,2,2026-04-19T13:00:38.548040+00:00,Success,16979,248,,0,0,0,0,2048,8,0,0,0,0,0,0,0,0,0,0,0,0
ProofParsing-1776603640156-r0,ProofParsing,parse/2048-8-Leb128,0,2026-04-19T13:00:40.156915+00:00,Success,13658,248,,0,0,0,0,1808,8,0,0,0,0,0,0,0,0,0,0,0,0
ProofParsing-1776603640158-r1,ProofParsing,parse/2048-8-Leb128,1,2026-04-19T13:00:40.158257+00:00,Success,13658,248,,0,0,0,0,1808,8,0,0,0,0,0,0,0,0,0,0,0,0
ProofParsing-1776603640159-r2,ProofParsing,parse/2048-8-Leb128,2,2026-04-19T13:00:40.159101+00:00,Success,13658,248,,0,0,0,0,1808,8,0,0,0,0,0,0,0,0,0,0,0,0
ProofParsing-1776603643875-r0,ProofParsing,parse/8192-16-Leb128,0,2026-04-19T13:00:43.875359+00:00,Success,55354,248,,0,0,0,0,7712,16,0,0,0,0,0,0,0,0,0,0,0,0
ProofParsing-1776603643877-r1,ProofParsing,parse/8192-16-Leb128,1,2026-04-19T13:00:43.877762+00:00,Success,55354,248,,0,0,0,0,7712,16,0,0,0,0,0,0,0,0,0,0,0,0
ProofParsing-1776603643879-r2,ProofParsing,parse/8192-16-Leb128,2,2026-04-19T13:00:43.879665+00:00,Success,55354,248,,0,0,0,0,7712,16,0,0,0,0,0,0,0,0,0,0,0,0
UploadPath-1776603644135-r0,UploadPath,synthetic-upload/fri-like/chunk-0,0,2026-04-19T13:00:44.135839+00:00,Success,1211,765,,1,512,0,0,0,0,480,1,0,0,0,0,0,0,0,0,0,0
UploadPath-1776603644392-r0,UploadPath,synthetic-upload/fri-like/chunk-1,0,2026-04-19T13:00:44.392767+00:00,Success,1211,765,,1,512,0,0,0,0,480,1,0,0,0,0,0,0,0,0,0,0
UploadPath-1776603644648-r0,UploadPath,synthetic-upload/fri-like/chunk-2,0,2026-04-19T13:00:44.648324+00:00,Success,1211,765,,1,512,0,0,0,0,480,1,0,0,0,0,0,0,0,0,0,0
UploadPath-1776603644903-r0,UploadPath,synthetic-upload/fri-like/chunk-3,0,2026-04-19T13:00:44.903975+00:00,Success,1211,765,,1,512,0,0,0,0,480,1,0,0,0,0,0,0,0,0,0,0
UploadPath-1776603645158-r0,UploadPath,synthetic-upload/fri-like/chunk-4,0,2026-04-19T13:00:45.158717+00:00,Success,1211,765,,1,512,0,0,0,0,480,1,0,0,0,0,0,0,0,0,0,0
UploadPath-1776603645417-r0,UploadPath,synthetic-upload/fri-like/chunk-5,0,2026-04-19T13:00:45.417362+00:00,Success,1211,765,,1,512,0,0,0,0,480,1,0,0,0,0,0,0,0,0,0,0
UploadPath-1776603645671-r0,UploadPath,synthetic-upload/fri-like/chunk-6,0,2026-04-19T13:00:45.671117+00:00,Success,1211,765,,1,512,0,0,0,0,480,1,0,0,0,0,0,0,0,0,0,0
UploadPath-1776603645930-r0,UploadPath,synthetic-upload/fri-like/chunk-7,0,2026-04-19T13:00:45.930075+00:00,Success,1211,765,,1,512,0,0,0,0,480,1,0,0,0,0,0,0,0,0,0,0
UploadPath-1776603646187-r0,UploadPath,synthetic-upload/fri-like/chunk-8,0,2026-04-19T13:00:46.187432+00:00,Success,1099,541,,1,288,0,0,0,0,256,1,0,0,0,0,0,0,0,0,0,0
SyntheticVerifier-1776603648574-r0,SyntheticVerifier,synthetic/fri-like,0,2026-04-19T13:00:48.574880+00:00,Failed,1410787,434,"{""InstructionError"":[2,""ProgramFailedToComplete""]}",69,9004,4,48,4096,8,4096,9,131072,4,4,1,2048,64,2048,768,48,96
SyntheticVerifier-1776603648587-r1,SyntheticVerifier,synthetic/fri-like,1,2026-04-19T13:00:48.587877+00:00,Failed,1410787,434,"{""InstructionError"":[2,""ProgramFailedToComplete""]}",69,9004,4,48,4096,8,4096,9,131072,4,4,1,2048,64,2048,768,48,96
SyntheticVerifier-1776603648599-r2,SyntheticVerifier,synthetic/fri-like,2,2026-04-19T13:00:48.599127+00:00,Failed,1410787,434,"{""InstructionError"":[2,""ProgramFailedToComplete""]}",69,9004,4,48,4096,8,4096,9,131072,4,4,1,2048,64,2048,768,48,96
SyntheticVerifier-1776603648609-r3,SyntheticVerifier,synthetic/fri-like,3,2026-04-19T13:00:48.609742+00:00,Failed,1410787,434,"{""InstructionError"":[2,""ProgramFailedToComplete""]}",69,9004,4,48,4096,8,4096,9,131072,4,4,1,2048,64,2048,768,48,96
UploadPath-1776603648864-r0,UploadPath,synthetic-upload/deep-merkle/chunk-0,0,2026-04-19T13:00:48.864581+00:00,Success,1291,925,,1,672,0,0,0,0,640,1,0,0,0,0,0,0,0,0,0,0
UploadPath-1776603649120-r0,UploadPath,synthetic-upload/deep-merkle/chunk-1,0,2026-04-19T13:00:49.120919+00:00,Success,1291,925,,1,672,0,0,0,0,640,1,0,0,0,0,0,0,0,0,0,0
UploadPath-1776603649380-r0,UploadPath,synthetic-upload/deep-merkle/chunk-2,0,2026-04-19T13:00:49.380897+00:00,Success,1291,925,,1,672,0,0,0,0,640,1,0,0,0,0,0,0,0,0,0,0
UploadPath-1776603649634-r0,UploadPath,synthetic-upload/deep-merkle/chunk-3,0,2026-04-19T13:00:49.634462+00:00,Success,1291,925,,1,672,0,0,0,0,640,1,0,0,0,0,0,0,0,0,0,0
UploadPath-1776603649888-r0,UploadPath,synthetic-upload/deep-merkle/chunk-4,0,2026-04-19T13:00:49.888935+00:00,Success,1291,925,,1,672,0,0,0,0,640,1,0,0,0,0,0,0,0,0,0,0
UploadPath-1776603650144-r0,UploadPath,synthetic-upload/deep-merkle/chunk-5,0,2026-04-19T13:00:50.144175+00:00,Success,1291,925,,1,672,0,0,0,0,640,1,0,0,0,0,0,0,0,0,0,0
UploadPath-1776603650404-r0,UploadPath,synthetic-upload/deep-merkle/chunk-6,0,2026-04-19T13:00:50.404882+00:00,Success,1291,925,,1,672,0,0,0,0,640,1,0,0,0,0,0,0,0,0,0,0
UploadPath-1776603650666-r0,UploadPath,synthetic-upload/deep-merkle/chunk-7,0,2026-04-19T13:00:50.666481+00:00,Success,1291,925,,1,672,0,0,0,0,640,1,0,0,0,0,0,0,0,0,0,0
UploadPath-1776603650926-r0,UploadPath,synthetic-upload/deep-merkle/chunk-8,0,2026-04-19T13:00:50.926112+00:00,Success,1291,925,,1,672,0,0,0,0,640,1,0,0,0,0,0,0,0,0,0,0
UploadPath-1776603651186-r0,UploadPath,synthetic-upload/deep-merkle/chunk-9,0,2026-04-19T13:00:51.186348+00:00,Success,1291,925,,1,672,0,0,0,0,640,1,0,0,0,0,0,0,0,0,0,0
UploadPath-1776603651445-r0,UploadPath,synthetic-upload/deep-merkle/chunk-10,0,2026-04-19T13:00:51.445822+00:00,Success,1291,925,,1,672,0,0,0,0,640,1,0,0,0,0,0,0,0,0,0,0
UploadPath-1776603651699-r0,UploadPath,synthetic-upload/deep-merkle/chunk-11,0,2026-04-19T13:00:51.699900+00:00,Success,1291,925,,1,672,0,0,0,0,640,1,0,0,0,0,0,0,0,0,0,0
UploadPath-1776603651954-r0,UploadPath,synthetic-upload/deep-merkle/chunk-12,0,2026-04-19T13:00:51.954399+00:00,Success,987,316,,1,64,0,0,0,0,32,1,0,0,0,0,0,0,0,0,0,0
SyntheticVerifier-1776603655275-r0,SyntheticVerifier,synthetic/deep-merkle,0,2026-04-19T13:00:55.275991+00:00,Failed,1416479,500,"{""InstructionError"":[2,""ProgramFailedToComplete""]}",173,19920,8,144,7712,16,7712,13,196608,6,5,2,6144,256,4096,1024,64,128
SyntheticVerifier-1776603655288-r1,SyntheticVerifier,synthetic/deep-merkle,1,2026-04-19T13:00:55.288331+00:00,Failed,1416479,500,"{""InstructionError"":[2,""ProgramFailedToComplete""]}",173,19920,8,144,7712,16,7712,13,196608,6,5,2,6144,256,4096,1024,64,128
SyntheticVerifier-1776603655299-r2,SyntheticVerifier,synthetic/deep-merkle,2,2026-04-19T13:00:55.299912+00:00,Failed,1416479,500,"{""InstructionError"":[2,""ProgramFailedToComplete""]}",173,19920,8,144,7712,16,7712,13,196608,6,5,2,6144,256,4096,1024,64,128
SyntheticVerifier-1776603655310-r3,SyntheticVerifier,synthetic/deep-merkle,3,2026-04-19T13:00:55.310518+00:00,Failed,1416479,500,"{""InstructionError"":[2,""ProgramFailedToComplete""]}",173,19920,8,144,7712,16,7712,13,196608,6,5,2,6144,256,4096,1024,64,128
UploadPath-1776603655565-r0,UploadPath,synthetic-upload/field-heavy/chunk-0,0,2026-04-19T13:00:55.565801+00:00,Success,836,925,,0,0,0,0,0,0,640,1,0,0,0,0,0,0,0,0,0,0
UploadPath-1776603655822-r0,UploadPath,synthetic-upload/field-heavy/chunk-1,0,2026-04-19T13:00:55.822390+00:00,Success,836,925,,0,0,0,0,0,0,640,1,0,0,0,0,0,0,0,0,0,0
UploadPath-1776603656078-r0,UploadPath,synthetic-upload/field-heavy/chunk-2,0,2026-04-19T13:00:56.078956+00:00,Success,836,925,,0,0,0,0,0,0,640,1,0,0,0,0,0,0,0,0,0,0
UploadPath-1776603656334-r0,UploadPath,synthetic-upload/field-heavy/chunk-3,0,2026-04-19T13:00:56.334297+00:00,Success,836,925,,0,0,0,0,0,0,640,1,0,0,0,0,0,0,0,0,0,0
UploadPath-1776603656589-r0,UploadPath,synthetic-upload/field-heavy/chunk-4,0,2026-04-19T13:00:56.589538+00:00,Success,836,925,,0,0,0,0,0,0,640,1,0,0,0,0,0,0,0,0,0,0
UploadPath-1776603656844-r0,UploadPath,synthetic-upload/field-heavy/chunk-5,0,2026-04-19T13:00:56.844046+00:00,Success,836,925,,0,0,0,0,0,0,640,1,0,0,0,0,0,0,0,0,0,0
UploadPath-1776603657101-r0,UploadPath,synthetic-upload/field-heavy/chunk-6,0,2026-04-19T13:00:57.101536+00:00,Success,836,925,,0,0,0,0,0,0,640,1,0,0,0,0,0,0,0,0,0,0
UploadPath-1776603657356-r0,UploadPath,synthetic-upload/field-heavy/chunk-7,0,2026-04-19T13:00:57.356687+00:00,Success,836,925,,0,0,0,0,0,0,640,1,0,0,0,0,0,0,0,0,0,0
UploadPath-1776603657616-r0,UploadPath,synthetic-upload/field-heavy/chunk-8,0,2026-04-19T13:00:57.616197+00:00,Success,836,821,,0,0,0,0,0,0,536,1,0,0,0,0,0,0,0,0,0,0
SyntheticVerifier-1776603659993-r0,SyntheticVerifier,synthetic/field-heavy,0,2026-04-19T13:00:59.993403+00:00,Failed,1407524,434,"{""InstructionError"":[2,""ProgramFailedToComplete""]}",50,5770,4,40,5656,12,5656,9,131072,4,3,2,3072,192,8192,2048,96,192
SyntheticVerifier-1776603660006-r1,SyntheticVerifier,synthetic/field-heavy,1,2026-04-19T13:01:00.006937+00:00,Failed,1407524,434,"{""InstructionError"":[2,""ProgramFailedToComplete""]}",50,5770,4,40,5656,12,5656,9,131072,4,3,2,3072,192,8192,2048,96,192
SyntheticVerifier-1776603660017-r2,SyntheticVerifier,synthetic/field-heavy,2,2026-04-19T13:01:00.017362+00:00,Failed,1407524,434,"{""InstructionError"":[2,""ProgramFailedToComplete""]}",50,5770,4,40,5656,12,5656,9,131072,4,3,2,3072,192,8192,2048,96,192
SyntheticVerifier-1776603660027-r3,SyntheticVerifier,synthetic/field-heavy,3,2026-04-19T13:01:00.027815+00:00,Failed,1407524,434,"{""InstructionError"":[2,""ProgramFailedToComplete""]}",50,5770,4,40,5656,12,5656,9,131072,4,3,2,3072,192,8192,2048,96,192
