scenario_name,protocol_family,proof_bytes,chunk_size,query_count,predicted_cu,lower_cu,upper_cu,verification_core_cu,transport_overhead_cu,component_predicted_cu,component_gap_vs_monolithic_cu,cu_budget_fraction,proof_transport_pressure,feasible,feasibility_reasons,notes
spend-circle-p5632-c448-q3,Circle,5632,448,3,1700989.684360,1641968.289071,1760011.079650,1693408.390164,7455.332638,1700863.722801,-125.961559,1.214993,4.571429,false,predicted CU exceeds the transaction compute budget | query-controlled soundness lower bound 6.0 bits is below the 128.0-bit target,"Structured spend-screen profile derived from explicit statement and arithmetization assumptions; total_rows=6720, log2_rows=13. | Literal absolute proof-oracle queries in the screening model. Each unit of q contributes one proof-side Merkle authentication path; q is not a round count and not multiplied by hidden batching. | Query soundness is assessed with FRI-style lower and upper bounds at blowup 16: a proven rate^(q/2) lower bound and a conjectured ethSTARK-style rate^q upper bound, plus 0 query-grinding bits. | This tuned screen uses log_blowup=4 and grinding_bits=0. | field_inv_ops uses a structural proxy of 8 instead of the earlier query-scaled proxy of 13. | Derived proof_bytes baseline was 5848; this profile overrides it to 5632 for transport sensitivity."
spend-circle-p5632-c448-q4,Circle,5632,448,4,1817331.990500,1758310.595211,1876353.385790,1809713.076809,7455.332638,1817168.409447,-163.581054,1.298094,4.571429,false,predicted CU exceeds the transaction compute budget | query-controlled soundness lower bound 8.0 bits is below the 128.0-bit target,"Structured spend-screen profile derived from explicit statement and arithmetization assumptions; total_rows=6720, log2_rows=13. | Literal absolute proof-oracle queries in the screening model. Each unit of q contributes one proof-side Merkle authentication path; q is not a round count and not multiplied by hidden batching. | Query soundness is assessed with FRI-style lower and upper bounds at blowup 16: a proven rate^(q/2) lower bound and a conjectured ethSTARK-style rate^q upper bound, plus 0 query-grinding bits. | This tuned screen uses log_blowup=4 and grinding_bits=0. | field_inv_ops uses a structural proxy of 8 instead of the earlier query-scaled proxy of 14. | Derived proof_bytes baseline was 6136; this profile overrides it to 5632 for transport sensitivity."
spend-circle-p5632-c448-q5,Circle,5632,448,5,1933674.296640,1874652.901350,1992695.691930,1926017.763454,7455.332638,1933473.096092,-201.200548,1.381196,4.571429,false,predicted CU exceeds the transaction compute budget | query-controlled soundness lower bound 10.0 bits is below the 128.0-bit target,"Structured spend-screen profile derived from explicit statement and arithmetization assumptions; total_rows=6720, log2_rows=13. | Literal absolute proof-oracle queries in the screening model. Each unit of q contributes one proof-side Merkle authentication path; q is not a round count and not multiplied by hidden batching. | Query soundness is assessed with FRI-style lower and upper bounds at blowup 16: a proven rate^(q/2) lower bound and a conjectured ethSTARK-style rate^q upper bound, plus 0 query-grinding bits. | This tuned screen uses log_blowup=4 and grinding_bits=0. | field_inv_ops uses a structural proxy of 8 instead of the earlier query-scaled proxy of 15. | Derived proof_bytes baseline was 6424; this profile overrides it to 5632 for transport sensitivity."
spend-circle-p5632-c448-q6,Circle,5632,448,6,2050016.602780,1990995.207490,2109037.998069,2042322.450099,7455.332638,2049777.782737,-238.820043,1.464298,4.571429,false,predicted CU exceeds the transaction compute budget | query-controlled soundness lower bound 12.0 bits is below the 128.0-bit target,"Structured spend-screen profile derived from explicit statement and arithmetization assumptions; total_rows=6720, log2_rows=13. | Literal absolute proof-oracle queries in the screening model. Each unit of q contributes one proof-side Merkle authentication path; q is not a round count and not multiplied by hidden batching. | Query soundness is assessed with FRI-style lower and upper bounds at blowup 16: a proven rate^(q/2) lower bound and a conjectured ethSTARK-style rate^q upper bound, plus 0 query-grinding bits. | This tuned screen uses log_blowup=4 and grinding_bits=0. | field_inv_ops uses a structural proxy of 8 instead of the earlier query-scaled proxy of 16. | Derived proof_bytes baseline was 6712; this profile overrides it to 5632 for transport sensitivity."
spend-circle-p5632-c512-q3,Circle,5632,512,3,1700641.362722,1641619.967433,1759662.758012,1693408.390164,7105.163245,1700513.553409,-127.809314,1.214744,4.571429,false,predicted CU exceeds the transaction compute budget | query-controlled soundness lower bound 6.0 bits is below the 128.0-bit target,"Structured spend-screen profile derived from explicit statement and arithmetization assumptions; total_rows=6720, log2_rows=13. | Literal absolute proof-oracle queries in the screening model. Each unit of q contributes one proof-side Merkle authentication path; q is not a round count and not multiplied by hidden batching. | Query soundness is assessed with FRI-style lower and upper bounds at blowup 16: a proven rate^(q/2) lower bound and a conjectured ethSTARK-style rate^q upper bound, plus 0 query-grinding bits. | This tuned screen uses log_blowup=4 and grinding_bits=0. | field_inv_ops uses a structural proxy of 8 instead of the earlier query-scaled proxy of 13. | Derived proof_bytes baseline was 5848; this profile overrides it to 5632 for transport sensitivity."
spend-circle-p5632-c512-q4,Circle,5632,512,4,1816983.668862,1757962.273573,1876005.064152,1809713.076809,7105.163245,1816818.240054,-165.428808,1.297845,4.571429,false,predicted CU exceeds the transaction compute budget | query-controlled soundness lower bound 8.0 bits is below the 128.0-bit target,"Structured spend-screen profile derived from explicit statement and arithmetization assumptions; total_rows=6720, log2_rows=13. | Literal absolute proof-oracle queries in the screening model. Each unit of q contributes one proof-side Merkle authentication path; q is not a round count and not multiplied by hidden batching. | Query soundness is assessed with FRI-style lower and upper bounds at blowup 16: a proven rate^(q/2) lower bound and a conjectured ethSTARK-style rate^q upper bound, plus 0 query-grinding bits. | This tuned screen uses log_blowup=4 and grinding_bits=0. | field_inv_ops uses a structural proxy of 8 instead of the earlier query-scaled proxy of 14. | Derived proof_bytes baseline was 6136; this profile overrides it to 5632 for transport sensitivity."
spend-circle-p5632-c512-q5,Circle,5632,512,5,1933325.975002,1874304.579712,1992347.370291,1926017.763454,7105.163245,1933122.926699,-203.048303,1.380947,4.571429,false,predicted CU exceeds the transaction compute budget | query-controlled soundness lower bound 10.0 bits is below the 128.0-bit target,"Structured spend-screen profile derived from explicit statement and arithmetization assumptions; total_rows=6720, log2_rows=13. | Literal absolute proof-oracle queries in the screening model. Each unit of q contributes one proof-side Merkle authentication path; q is not a round count and not multiplied by hidden batching. | Query soundness is assessed with FRI-style lower and upper bounds at blowup 16: a proven rate^(q/2) lower bound and a conjectured ethSTARK-style rate^q upper bound, plus 0 query-grinding bits. | This tuned screen uses log_blowup=4 and grinding_bits=0. | field_inv_ops uses a structural proxy of 8 instead of the earlier query-scaled proxy of 15. | Derived proof_bytes baseline was 6424; this profile overrides it to 5632 for transport sensitivity."
spend-circle-p5632-c512-q6,Circle,5632,512,6,2049668.281142,1990646.885852,2108689.676431,2042322.450099,7105.163245,2049427.613344,-240.667797,1.464049,4.571429,false,predicted CU exceeds the transaction compute budget | query-controlled soundness lower bound 12.0 bits is below the 128.0-bit target,"Structured spend-screen profile derived from explicit statement and arithmetization assumptions; total_rows=6720, log2_rows=13. | Literal absolute proof-oracle queries in the screening model. Each unit of q contributes one proof-side Merkle authentication path; q is not a round count and not multiplied by hidden batching. | Query soundness is assessed with FRI-style lower and upper bounds at blowup 16: a proven rate^(q/2) lower bound and a conjectured ethSTARK-style rate^q upper bound, plus 0 query-grinding bits. | This tuned screen uses log_blowup=4 and grinding_bits=0. | field_inv_ops uses a structural proxy of 8 instead of the earlier query-scaled proxy of 16. | Derived proof_bytes baseline was 6712; this profile overrides it to 5632 for transport sensitivity."
spend-circle-p5632-c640-q3,Circle,5632,640,3,1700293.041084,1641271.645795,1759314.436374,1693408.390164,6754.993853,1700163.384016,-129.657068,1.214495,4.571429,false,predicted CU exceeds the transaction compute budget | query-controlled soundness lower bound 6.0 bits is below the 128.0-bit target,"Structured spend-screen profile derived from explicit statement and arithmetization assumptions; total_rows=6720, log2_rows=13. | Literal absolute proof-oracle queries in the screening model. Each unit of q contributes one proof-side Merkle authentication path; q is not a round count and not multiplied by hidden batching. | Query soundness is assessed with FRI-style lower and upper bounds at blowup 16: a proven rate^(q/2) lower bound and a conjectured ethSTARK-style rate^q upper bound, plus 0 query-grinding bits. | This tuned screen uses log_blowup=4 and grinding_bits=0. | field_inv_ops uses a structural proxy of 8 instead of the earlier query-scaled proxy of 13. | Derived proof_bytes baseline was 5848; this profile overrides it to 5632 for transport sensitivity."
spend-circle-p5632-c640-q4,Circle,5632,640,4,1816635.347224,1757613.951934,1875656.742514,1809713.076809,6754.993853,1816468.070661,-167.276563,1.297597,4.571429,false,predicted CU exceeds the transaction compute budget | query-controlled soundness lower bound 8.0 bits is below the 128.0-bit target,"Structured spend-screen profile derived from explicit statement and arithmetization assumptions; total_rows=6720, log2_rows=13. | Literal absolute proof-oracle queries in the screening model. Each unit of q contributes one proof-side Merkle authentication path; q is not a round count and not multiplied by hidden batching. | Query soundness is assessed with FRI-style lower and upper bounds at blowup 16: a proven rate^(q/2) lower bound and a conjectured ethSTARK-style rate^q upper bound, plus 0 query-grinding bits. | This tuned screen uses log_blowup=4 and grinding_bits=0. | field_inv_ops uses a structural proxy of 8 instead of the earlier query-scaled proxy of 14. | Derived proof_bytes baseline was 6136; this profile overrides it to 5632 for transport sensitivity."
spend-circle-p5632-c640-q5,Circle,5632,640,5,1932977.653364,1873956.258074,1991999.048653,1926017.763454,6754.993853,1932772.757306,-204.896057,1.380698,4.571429,false,predicted CU exceeds the transaction compute budget | query-controlled soundness lower bound 10.0 bits is below the 128.0-bit target,"Structured spend-screen profile derived from explicit statement and arithmetization assumptions; total_rows=6720, log2_rows=13. | Literal absolute proof-oracle queries in the screening model. Each unit of q contributes one proof-side Merkle authentication path; q is not a round count and not multiplied by hidden batching. | Query soundness is assessed with FRI-style lower and upper bounds at blowup 16: a proven rate^(q/2) lower bound and a conjectured ethSTARK-style rate^q upper bound, plus 0 query-grinding bits. | This tuned screen uses log_blowup=4 and grinding_bits=0. | field_inv_ops uses a structural proxy of 8 instead of the earlier query-scaled proxy of 15. | Derived proof_bytes baseline was 6424; this profile overrides it to 5632 for transport sensitivity."
spend-circle-p5632-c640-q6,Circle,5632,640,6,2049319.959504,1990298.564214,2108341.354793,2042322.450099,6754.993853,2049077.443952,-242.515552,1.463800,4.571429,false,predicted CU exceeds the transaction compute budget | query-controlled soundness lower bound 12.0 bits is below the 128.0-bit target,"Structured spend-screen profile derived from explicit statement and arithmetization assumptions; total_rows=6720, log2_rows=13. | Literal absolute proof-oracle queries in the screening model. Each unit of q contributes one proof-side Merkle authentication path; q is not a round count and not multiplied by hidden batching. | Query soundness is assessed with FRI-style lower and upper bounds at blowup 16: a proven rate^(q/2) lower bound and a conjectured ethSTARK-style rate^q upper bound, plus 0 query-grinding bits. | This tuned screen uses log_blowup=4 and grinding_bits=0. | field_inv_ops uses a structural proxy of 8 instead of the earlier query-scaled proxy of 16. | Derived proof_bytes baseline was 6712; this profile overrides it to 5632 for transport sensitivity."
spend-circle-p6144-c448-q3,Circle,6144,448,3,1705609.852574,1646588.457284,1764631.247863,1697449.139097,8036.528667,1705485.667765,-124.184809,1.218293,4.987013,false,predicted CU exceeds the transaction compute budget | query-controlled soundness lower bound 6.0 bits is below the 128.0-bit target,"Structured spend-screen profile derived from explicit statement and arithmetization assumptions; total_rows=6720, log2_rows=13. | Literal absolute proof-oracle queries in the screening model. Each unit of q contributes one proof-side Merkle authentication path; q is not a round count and not multiplied by hidden batching. | Query soundness is assessed with FRI-style lower and upper bounds at blowup 16: a proven rate^(q/2) lower bound and a conjectured ethSTARK-style rate^q upper bound, plus 0 query-grinding bits. | This tuned screen uses log_blowup=4 and grinding_bits=0. | field_inv_ops uses a structural proxy of 8 instead of the earlier query-scaled proxy of 13. | Derived proof_bytes baseline was 5848; this profile overrides it to 6144 for transport sensitivity."
spend-circle-p6144-c448-q4,Circle,6144,448,4,1821952.158713,1762930.763424,1880973.554003,1813753.825742,8036.528667,1821790.354410,-161.804304,1.301394,4.987013,false,predicted CU exceeds the transaction compute budget | query-controlled soundness lower bound 8.0 bits is below the 128.0-bit target,"Structured spend-screen profile derived from explicit statement and arithmetization assumptions; total_rows=6720, log2_rows=13. | Literal absolute proof-oracle queries in the screening model. Each unit of q contributes one proof-side Merkle authentication path; q is not a round count and not multiplied by hidden batching. | Query soundness is assessed with FRI-style lower and upper bounds at blowup 16: a proven rate^(q/2) lower bound and a conjectured ethSTARK-style rate^q upper bound, plus 0 query-grinding bits. | This tuned screen uses log_blowup=4 and grinding_bits=0. | field_inv_ops uses a structural proxy of 8 instead of the earlier query-scaled proxy of 14. | Derived proof_bytes baseline was 6136; this profile overrides it to 6144 for transport sensitivity."
spend-circle-p6144-c448-q5,Circle,6144,448,5,1938294.464853,1879273.069563,1997315.860143,1930058.512388,8036.528667,1938095.041055,-199.423798,1.384496,4.987013,false,predicted CU exceeds the transaction compute budget | query-controlled soundness lower bound 10.0 bits is below the 128.0-bit target,"Structured spend-screen profile derived from explicit statement and arithmetization assumptions; total_rows=6720, log2_rows=13. | Literal absolute proof-oracle queries in the screening model. Each unit of q contributes one proof-side Merkle authentication path; q is not a round count and not multiplied by hidden batching. | Query soundness is assessed with FRI-style lower and upper bounds at blowup 16: a proven rate^(q/2) lower bound and a conjectured ethSTARK-style rate^q upper bound, plus 0 query-grinding bits. | This tuned screen uses log_blowup=4 and grinding_bits=0. | field_inv_ops uses a structural proxy of 8 instead of the earlier query-scaled proxy of 15. | Derived proof_bytes baseline was 6424; this profile overrides it to 6144 for transport sensitivity."
spend-circle-p6144-c448-q6,Circle,6144,448,6,2054636.770993,1995615.375703,2113658.166282,2046363.199033,8036.528667,2054399.727700,-237.043293,1.467598,4.987013,false,predicted CU exceeds the transaction compute budget | query-controlled soundness lower bound 12.0 bits is below the 128.0-bit target,"Structured spend-screen profile derived from explicit statement and arithmetization assumptions; total_rows=6720, log2_rows=13. | Literal absolute proof-oracle queries in the screening model. Each unit of q contributes one proof-side Merkle authentication path; q is not a round count and not multiplied by hidden batching. | Query soundness is assessed with FRI-style lower and upper bounds at blowup 16: a proven rate^(q/2) lower bound and a conjectured ethSTARK-style rate^q upper bound, plus 0 query-grinding bits. | This tuned screen uses log_blowup=4 and grinding_bits=0. | field_inv_ops uses a structural proxy of 8 instead of the earlier query-scaled proxy of 16. | Derived proof_bytes baseline was 6712; this profile overrides it to 6144 for transport sensitivity."
spend-circle-p6144-c512-q3,Circle,6144,512,3,1705261.530935,1646240.135646,1764282.926225,1697449.139097,7686.359275,1705135.498372,-126.032564,1.218044,4.987013,false,predicted CU exceeds the transaction compute budget | query-controlled soundness lower bound 6.0 bits is below the 128.0-bit target,"Structured spend-screen profile derived from explicit statement and arithmetization assumptions; total_rows=6720, log2_rows=13. | Literal absolute proof-oracle queries in the screening model. Each unit of q contributes one proof-side Merkle authentication path; q is not a round count and not multiplied by hidden batching. | Query soundness is assessed with FRI-style lower and upper bounds at blowup 16: a proven rate^(q/2) lower bound and a conjectured ethSTARK-style rate^q upper bound, plus 0 query-grinding bits. | This tuned screen uses log_blowup=4 and grinding_bits=0. | field_inv_ops uses a structural proxy of 8 instead of the earlier query-scaled proxy of 13. | Derived proof_bytes baseline was 5848; this profile overrides it to 6144 for transport sensitivity."
spend-circle-p6144-c512-q4,Circle,6144,512,4,1821603.837075,1762582.441786,1880625.232365,1813753.825742,7686.359275,1821440.185017,-163.652058,1.301146,4.987013,false,predicted CU exceeds the transaction compute budget | query-controlled soundness lower bound 8.0 bits is below the 128.0-bit target,"Structured spend-screen profile derived from explicit statement and arithmetization assumptions; total_rows=6720, log2_rows=13. | Literal absolute proof-oracle queries in the screening model. Each unit of q contributes one proof-side Merkle authentication path; q is not a round count and not multiplied by hidden batching. | Query soundness is assessed with FRI-style lower and upper bounds at blowup 16: a proven rate^(q/2) lower bound and a conjectured ethSTARK-style rate^q upper bound, plus 0 query-grinding bits. | This tuned screen uses log_blowup=4 and grinding_bits=0. | field_inv_ops uses a structural proxy of 8 instead of the earlier query-scaled proxy of 14. | Derived proof_bytes baseline was 6136; this profile overrides it to 6144 for transport sensitivity."
spend-circle-p6144-c512-q5,Circle,6144,512,5,1937946.143215,1878924.747925,1996967.538505,1930058.512388,7686.359275,1937744.871662,-201.271553,1.384247,4.987013,false,predicted CU exceeds the transaction compute budget | query-controlled soundness lower bound 10.0 bits is below the 128.0-bit target,"Structured spend-screen profile derived from explicit statement and arithmetization assumptions; total_rows=6720, log2_rows=13. | Literal absolute proof-oracle queries in the screening model. Each unit of q contributes one proof-side Merkle authentication path; q is not a round count and not multiplied by hidden batching. | Query soundness is assessed with FRI-style lower and upper bounds at blowup 16: a proven rate^(q/2) lower bound and a conjectured ethSTARK-style rate^q upper bound, plus 0 query-grinding bits. | This tuned screen uses log_blowup=4 and grinding_bits=0. | field_inv_ops uses a structural proxy of 8 instead of the earlier query-scaled proxy of 15. | Derived proof_bytes baseline was 6424; this profile overrides it to 6144 for transport sensitivity."
spend-circle-p6144-c512-q6,Circle,6144,512,6,2054288.449355,1995267.054065,2113309.844644,2046363.199033,7686.359275,2054049.558307,-238.891047,1.467349,4.987013,false,predicted CU exceeds the transaction compute budget | query-controlled soundness lower bound 12.0 bits is below the 128.0-bit target,"Structured spend-screen profile derived from explicit statement and arithmetization assumptions; total_rows=6720, log2_rows=13. | Literal absolute proof-oracle queries in the screening model. Each unit of q contributes one proof-side Merkle authentication path; q is not a round count and not multiplied by hidden batching. | Query soundness is assessed with FRI-style lower and upper bounds at blowup 16: a proven rate^(q/2) lower bound and a conjectured ethSTARK-style rate^q upper bound, plus 0 query-grinding bits. | This tuned screen uses log_blowup=4 and grinding_bits=0. | field_inv_ops uses a structural proxy of 8 instead of the earlier query-scaled proxy of 16. | Derived proof_bytes baseline was 6712; this profile overrides it to 6144 for transport sensitivity."
spend-circle-p6144-c640-q3,Circle,6144,640,3,1704913.209297,1645891.814008,1763934.604587,1697449.139097,7336.189882,1704785.328979,-127.880318,1.217795,4.987013,false,predicted CU exceeds the transaction compute budget | query-controlled soundness lower bound 6.0 bits is below the 128.0-bit target,"Structured spend-screen profile derived from explicit statement and arithmetization assumptions; total_rows=6720, log2_rows=13. | Literal absolute proof-oracle queries in the screening model. Each unit of q contributes one proof-side Merkle authentication path; q is not a round count and not multiplied by hidden batching. | Query soundness is assessed with FRI-style lower and upper bounds at blowup 16: a proven rate^(q/2) lower bound and a conjectured ethSTARK-style rate^q upper bound, plus 0 query-grinding bits. | This tuned screen uses log_blowup=4 and grinding_bits=0. | field_inv_ops uses a structural proxy of 8 instead of the earlier query-scaled proxy of 13. | Derived proof_bytes baseline was 5848; this profile overrides it to 6144 for transport sensitivity."
spend-circle-p6144-c640-q4,Circle,6144,640,4,1821255.515437,1762234.120148,1880276.910727,1813753.825742,7336.189882,1821090.015624,-165.499813,1.300897,4.987013,false,predicted CU exceeds the transaction compute budget | query-controlled soundness lower bound 8.0 bits is below the 128.0-bit target,"Structured spend-screen profile derived from explicit statement and arithmetization assumptions; total_rows=6720, log2_rows=13. | Literal absolute proof-oracle queries in the screening model. Each unit of q contributes one proof-side Merkle authentication path; q is not a round count and not multiplied by hidden batching. | Query soundness is assessed with FRI-style lower and upper bounds at blowup 16: a proven rate^(q/2) lower bound and a conjectured ethSTARK-style rate^q upper bound, plus 0 query-grinding bits. | This tuned screen uses log_blowup=4 and grinding_bits=0. | field_inv_ops uses a structural proxy of 8 instead of the earlier query-scaled proxy of 14. | Derived proof_bytes baseline was 6136; this profile overrides it to 6144 for transport sensitivity."
spend-circle-p6144-c640-q5,Circle,6144,640,5,1937597.821577,1878576.426287,1996619.216866,1930058.512388,7336.189882,1937394.702269,-203.119307,1.383998,4.987013,false,predicted CU exceeds the transaction compute budget | query-controlled soundness lower bound 10.0 bits is below the 128.0-bit target,"Structured spend-screen profile derived from explicit statement and arithmetization assumptions; total_rows=6720, log2_rows=13. | Literal absolute proof-oracle queries in the screening model. Each unit of q contributes one proof-side Merkle authentication path; q is not a round count and not multiplied by hidden batching. | Query soundness is assessed with FRI-style lower and upper bounds at blowup 16: a proven rate^(q/2) lower bound and a conjectured ethSTARK-style rate^q upper bound, plus 0 query-grinding bits. | This tuned screen uses log_blowup=4 and grinding_bits=0. | field_inv_ops uses a structural proxy of 8 instead of the earlier query-scaled proxy of 15. | Derived proof_bytes baseline was 6424; this profile overrides it to 6144 for transport sensitivity."
spend-circle-p6144-c640-q6,Circle,6144,640,6,2053940.127717,1994918.732427,2112961.523006,2046363.199033,7336.189882,2053699.388915,-240.738802,1.467100,4.987013,false,predicted CU exceeds the transaction compute budget | query-controlled soundness lower bound 12.0 bits is below the 128.0-bit target,"Structured spend-screen profile derived from explicit statement and arithmetization assumptions; total_rows=6720, log2_rows=13. | Literal absolute proof-oracle queries in the screening model. Each unit of q contributes one proof-side Merkle authentication path; q is not a round count and not multiplied by hidden batching. | Query soundness is assessed with FRI-style lower and upper bounds at blowup 16: a proven rate^(q/2) lower bound and a conjectured ethSTARK-style rate^q upper bound, plus 0 query-grinding bits. | This tuned screen uses log_blowup=4 and grinding_bits=0. | field_inv_ops uses a structural proxy of 8 instead of the earlier query-scaled proxy of 16. | Derived proof_bytes baseline was 6712; this profile overrides it to 6144 for transport sensitivity."
spend-circle-p6656-c448-q3,Circle,6656,448,3,1710230.020787,1651208.625497,1769251.416076,1701489.888031,8617.724697,1710107.612728,-122.408059,1.221593,5.402597,false,predicted CU exceeds the transaction compute budget | query-controlled soundness lower bound 6.0 bits is below the 128.0-bit target,"Structured spend-screen profile derived from explicit statement and arithmetization assumptions; total_rows=6720, log2_rows=13. | Literal absolute proof-oracle queries in the screening model. Each unit of q contributes one proof-side Merkle authentication path; q is not a round count and not multiplied by hidden batching. | Query soundness is assessed with FRI-style lower and upper bounds at blowup 16: a proven rate^(q/2) lower bound and a conjectured ethSTARK-style rate^q upper bound, plus 0 query-grinding bits. | This tuned screen uses log_blowup=4 and grinding_bits=0. | field_inv_ops uses a structural proxy of 8 instead of the earlier query-scaled proxy of 13. | Derived proof_bytes baseline was 5848; this profile overrides it to 6656 for transport sensitivity."
spend-circle-p6656-c448-q4,Circle,6656,448,4,1826572.326926,1767550.931637,1885593.722216,1817794.574676,8617.724697,1826412.299373,-160.027554,1.304695,5.402597,false,predicted CU exceeds the transaction compute budget | query-controlled soundness lower bound 8.0 bits is below the 128.0-bit target,"Structured spend-screen profile derived from explicit statement and arithmetization assumptions; total_rows=6720, log2_rows=13. | Literal absolute proof-oracle queries in the screening model. Each unit of q contributes one proof-side Merkle authentication path; q is not a round count and not multiplied by hidden batching. | Query soundness is assessed with FRI-style lower and upper bounds at blowup 16: a proven rate^(q/2) lower bound and a conjectured ethSTARK-style rate^q upper bound, plus 0 query-grinding bits. | This tuned screen uses log_blowup=4 and grinding_bits=0. | field_inv_ops uses a structural proxy of 8 instead of the earlier query-scaled proxy of 14. | Derived proof_bytes baseline was 6136; this profile overrides it to 6656 for transport sensitivity."
spend-circle-p6656-c448-q5,Circle,6656,448,5,1942914.633066,1883893.237777,2001936.028356,1934099.261321,8617.724697,1942716.986018,-197.647048,1.387796,5.402597,false,predicted CU exceeds the transaction compute budget | query-controlled soundness lower bound 10.0 bits is below the 128.0-bit target,"Structured spend-screen profile derived from explicit statement and arithmetization assumptions; total_rows=6720, log2_rows=13. | Literal absolute proof-oracle queries in the screening model. Each unit of q contributes one proof-side Merkle authentication path; q is not a round count and not multiplied by hidden batching. | Query soundness is assessed with FRI-style lower and upper bounds at blowup 16: a proven rate^(q/2) lower bound and a conjectured ethSTARK-style rate^q upper bound, plus 0 query-grinding bits. | This tuned screen uses log_blowup=4 and grinding_bits=0. | field_inv_ops uses a structural proxy of 8 instead of the earlier query-scaled proxy of 15. | Derived proof_bytes baseline was 6424; this profile overrides it to 6656 for transport sensitivity."
spend-circle-p6656-c448-q6,Circle,6656,448,6,2059256.939206,2000235.543916,2118278.334495,2050403.947966,8617.724697,2059021.672663,-235.266543,1.470898,5.402597,false,predicted CU exceeds the transaction compute budget | query-controlled soundness lower bound 12.0 bits is below the 128.0-bit target,"Structured spend-screen profile derived from explicit statement and arithmetization assumptions; total_rows=6720, log2_rows=13. | Literal absolute proof-oracle queries in the screening model. Each unit of q contributes one proof-side Merkle authentication path; q is not a round count and not multiplied by hidden batching. | Query soundness is assessed with FRI-style lower and upper bounds at blowup 16: a proven rate^(q/2) lower bound and a conjectured ethSTARK-style rate^q upper bound, plus 0 query-grinding bits. | This tuned screen uses log_blowup=4 and grinding_bits=0. | field_inv_ops uses a structural proxy of 8 instead of the earlier query-scaled proxy of 16. | Derived proof_bytes baseline was 6712; this profile overrides it to 6656 for transport sensitivity."
spend-circle-p6656-c512-q3,Circle,6656,512,3,1709881.699149,1650860.303859,1768903.094438,1701489.888031,8267.555304,1709757.443335,-124.255814,1.221344,5.402597,false,predicted CU exceeds the transaction compute budget | query-controlled soundness lower bound 6.0 bits is below the 128.0-bit target,"Structured spend-screen profile derived from explicit statement and arithmetization assumptions; total_rows=6720, log2_rows=13. | Literal absolute proof-oracle queries in the screening model. Each unit of q contributes one proof-side Merkle authentication path; q is not a round count and not multiplied by hidden batching. | Query soundness is assessed with FRI-style lower and upper bounds at blowup 16: a proven rate^(q/2) lower bound and a conjectured ethSTARK-style rate^q upper bound, plus 0 query-grinding bits. | This tuned screen uses log_blowup=4 and grinding_bits=0. | field_inv_ops uses a structural proxy of 8 instead of the earlier query-scaled proxy of 13. | Derived proof_bytes baseline was 5848; this profile overrides it to 6656 for transport sensitivity."
spend-circle-p6656-c512-q4,Circle,6656,512,4,1826224.005288,1767202.609999,1885245.400578,1817794.574676,8267.555304,1826062.129980,-161.875308,1.304446,5.402597,false,predicted CU exceeds the transaction compute budget | query-controlled soundness lower bound 8.0 bits is below the 128.0-bit target,"Structured spend-screen profile derived from explicit statement and arithmetization assumptions; total_rows=6720, log2_rows=13. | Literal absolute proof-oracle queries in the screening model. Each unit of q contributes one proof-side Merkle authentication path; q is not a round count and not multiplied by hidden batching. | Query soundness is assessed with FRI-style lower and upper bounds at blowup 16: a proven rate^(q/2) lower bound and a conjectured ethSTARK-style rate^q upper bound, plus 0 query-grinding bits. | This tuned screen uses log_blowup=4 and grinding_bits=0. | field_inv_ops uses a structural proxy of 8 instead of the earlier query-scaled proxy of 14. | Derived proof_bytes baseline was 6136; this profile overrides it to 6656 for transport sensitivity."
spend-circle-p6656-c512-q5,Circle,6656,512,5,1942566.311428,1883544.916138,2001587.706718,1934099.261321,8267.555304,1942366.816625,-199.494803,1.387547,5.402597,false,predicted CU exceeds the transaction compute budget | query-controlled soundness lower bound 10.0 bits is below the 128.0-bit target,"Structured spend-screen profile derived from explicit statement and arithmetization assumptions; total_rows=6720, log2_rows=13. | Literal absolute proof-oracle queries in the screening model. Each unit of q contributes one proof-side Merkle authentication path; q is not a round count and not multiplied by hidden batching. | Query soundness is assessed with FRI-style lower and upper bounds at blowup 16: a proven rate^(q/2) lower bound and a conjectured ethSTARK-style rate^q upper bound, plus 0 query-grinding bits. | This tuned screen uses log_blowup=4 and grinding_bits=0. | field_inv_ops uses a structural proxy of 8 instead of the earlier query-scaled proxy of 15. | Derived proof_bytes baseline was 6424; this profile overrides it to 6656 for transport sensitivity."
spend-circle-p6656-c512-q6,Circle,6656,512,6,2058908.617568,1999887.222278,2117930.012857,2050403.947966,8267.555304,2058671.503270,-237.114298,1.470649,5.402597,false,predicted CU exceeds the transaction compute budget | query-controlled soundness lower bound 12.0 bits is below the 128.0-bit target,"Structured spend-screen profile derived from explicit statement and arithmetization assumptions; total_rows=6720, log2_rows=13. | Literal absolute proof-oracle queries in the screening model. Each unit of q contributes one proof-side Merkle authentication path; q is not a round count and not multiplied by hidden batching. | Query soundness is assessed with FRI-style lower and upper bounds at blowup 16: a proven rate^(q/2) lower bound and a conjectured ethSTARK-style rate^q upper bound, plus 0 query-grinding bits. | This tuned screen uses log_blowup=4 and grinding_bits=0. | field_inv_ops uses a structural proxy of 8 instead of the earlier query-scaled proxy of 16. | Derived proof_bytes baseline was 6712; this profile overrides it to 6656 for transport sensitivity."
spend-circle-p6656-c640-q3,Circle,6656,640,3,1709533.377510,1650511.982221,1768554.772800,1701489.888031,7917.385911,1709407.273942,-126.103568,1.221095,5.402597,false,predicted CU exceeds the transaction compute budget | query-controlled soundness lower bound 6.0 bits is below the 128.0-bit target,"Structured spend-screen profile derived from explicit statement and arithmetization assumptions; total_rows=6720, log2_rows=13. | Literal absolute proof-oracle queries in the screening model. Each unit of q contributes one proof-side Merkle authentication path; q is not a round count and not multiplied by hidden batching. | Query soundness is assessed with FRI-style lower and upper bounds at blowup 16: a proven rate^(q/2) lower bound and a conjectured ethSTARK-style rate^q upper bound, plus 0 query-grinding bits. | This tuned screen uses log_blowup=4 and grinding_bits=0. | field_inv_ops uses a structural proxy of 8 instead of the earlier query-scaled proxy of 13. | Derived proof_bytes baseline was 5848; this profile overrides it to 6656 for transport sensitivity."
spend-circle-p6656-c640-q4,Circle,6656,640,4,1825875.683650,1766854.288361,1884897.078940,1817794.574676,7917.385911,1825711.960587,-163.723063,1.304197,5.402597,false,predicted CU exceeds the transaction compute budget | query-controlled soundness lower bound 8.0 bits is below the 128.0-bit target,"Structured spend-screen profile derived from explicit statement and arithmetization assumptions; total_rows=6720, log2_rows=13. | Literal absolute proof-oracle queries in the screening model. Each unit of q contributes one proof-side Merkle authentication path; q is not a round count and not multiplied by hidden batching. | Query soundness is assessed with FRI-style lower and upper bounds at blowup 16: a proven rate^(q/2) lower bound and a conjectured ethSTARK-style rate^q upper bound, plus 0 query-grinding bits. | This tuned screen uses log_blowup=4 and grinding_bits=0. | field_inv_ops uses a structural proxy of 8 instead of the earlier query-scaled proxy of 14. | Derived proof_bytes baseline was 6136; this profile overrides it to 6656 for transport sensitivity."
spend-circle-p6656-c640-q5,Circle,6656,640,5,1942217.989790,1883196.594500,2001239.385080,1934099.261321,7917.385911,1942016.647233,-201.342557,1.387299,5.402597,false,predicted CU exceeds the transaction compute budget | query-controlled soundness lower bound 10.0 bits is below the 128.0-bit target,"Structured spend-screen profile derived from explicit statement and arithmetization assumptions; total_rows=6720, log2_rows=13. | Literal absolute proof-oracle queries in the screening model. Each unit of q contributes one proof-side Merkle authentication path; q is not a round count and not multiplied by hidden batching. | Query soundness is assessed with FRI-style lower and upper bounds at blowup 16: a proven rate^(q/2) lower bound and a conjectured ethSTARK-style rate^q upper bound, plus 0 query-grinding bits. | This tuned screen uses log_blowup=4 and grinding_bits=0. | field_inv_ops uses a structural proxy of 8 instead of the earlier query-scaled proxy of 15. | Derived proof_bytes baseline was 6424; this profile overrides it to 6656 for transport sensitivity."
spend-circle-p6656-c640-q6,Circle,6656,640,6,2058560.295930,1999538.900640,2117581.691219,2050403.947966,7917.385911,2058321.333878,-238.962052,1.470400,5.402597,false,predicted CU exceeds the transaction compute budget | query-controlled soundness lower bound 12.0 bits is below the 128.0-bit target,"Structured spend-screen profile derived from explicit statement and arithmetization assumptions; total_rows=6720, log2_rows=13. | Literal absolute proof-oracle queries in the screening model. Each unit of q contributes one proof-side Merkle authentication path; q is not a round count and not multiplied by hidden batching. | Query soundness is assessed with FRI-style lower and upper bounds at blowup 16: a proven rate^(q/2) lower bound and a conjectured ethSTARK-style rate^q upper bound, plus 0 query-grinding bits. | This tuned screen uses log_blowup=4 and grinding_bits=0. | field_inv_ops uses a structural proxy of 8 instead of the earlier query-scaled proxy of 16. | Derived proof_bytes baseline was 6712; this profile overrides it to 6656 for transport sensitivity."
spend-circle-p7168-c448-q3,Circle,7168,448,3,1714850.189000,1655828.793710,1773871.584289,1705530.636965,9198.920726,1714729.557691,-120.631309,1.224893,5.818182,false,predicted CU exceeds the transaction compute budget | query-controlled soundness lower bound 6.0 bits is below the 128.0-bit target,"Structured spend-screen profile derived from explicit statement and arithmetization assumptions; total_rows=6720, log2_rows=13. | Literal absolute proof-oracle queries in the screening model. Each unit of q contributes one proof-side Merkle authentication path; q is not a round count and not multiplied by hidden batching. | Query soundness is assessed with FRI-style lower and upper bounds at blowup 16: a proven rate^(q/2) lower bound and a conjectured ethSTARK-style rate^q upper bound, plus 0 query-grinding bits. | This tuned screen uses log_blowup=4 and grinding_bits=0. | field_inv_ops uses a structural proxy of 8 instead of the earlier query-scaled proxy of 13. | Derived proof_bytes baseline was 5848; this profile overrides it to 7168 for transport sensitivity."
spend-circle-p7168-c448-q4,Circle,7168,448,4,1831192.495139,1772171.099850,1890213.890429,1821835.323610,9198.920726,1831034.244336,-158.250804,1.307995,5.818182,false,predicted CU exceeds the transaction compute budget | query-controlled soundness lower bound 8.0 bits is below the 128.0-bit target,"Structured spend-screen profile derived from explicit statement and arithmetization assumptions; total_rows=6720, log2_rows=13. | Literal absolute proof-oracle queries in the screening model. Each unit of q contributes one proof-side Merkle authentication path; q is not a round count and not multiplied by hidden batching. | Query soundness is assessed with FRI-style lower and upper bounds at blowup 16: a proven rate^(q/2) lower bound and a conjectured ethSTARK-style rate^q upper bound, plus 0 query-grinding bits. | This tuned screen uses log_blowup=4 and grinding_bits=0. | field_inv_ops uses a structural proxy of 8 instead of the earlier query-scaled proxy of 14. | Derived proof_bytes baseline was 6136; this profile overrides it to 7168 for transport sensitivity."
spend-circle-p7168-c448-q5,Circle,7168,448,5,1947534.801279,1888513.405990,2006556.196569,1938140.010255,9198.920726,1947338.930981,-195.870298,1.391096,5.818182,false,predicted CU exceeds the transaction compute budget | query-controlled soundness lower bound 10.0 bits is below the 128.0-bit target,"Structured spend-screen profile derived from explicit statement and arithmetization assumptions; total_rows=6720, log2_rows=13. | Literal absolute proof-oracle queries in the screening model. Each unit of q contributes one proof-side Merkle authentication path; q is not a round count and not multiplied by hidden batching. | Query soundness is assessed with FRI-style lower and upper bounds at blowup 16: a proven rate^(q/2) lower bound and a conjectured ethSTARK-style rate^q upper bound, plus 0 query-grinding bits. | This tuned screen uses log_blowup=4 and grinding_bits=0. | field_inv_ops uses a structural proxy of 8 instead of the earlier query-scaled proxy of 15. | Derived proof_bytes baseline was 6424; this profile overrides it to 7168 for transport sensitivity."
spend-circle-p7168-c448-q6,Circle,7168,448,6,2063877.107419,2004855.712129,2122898.502709,2054444.696900,9198.920726,2063643.617626,-233.489793,1.474198,5.818182,false,predicted CU exceeds the transaction compute budget | query-controlled soundness lower bound 12.0 bits is below the 128.0-bit target,"Structured spend-screen profile derived from explicit statement and arithmetization assumptions; total_rows=6720, log2_rows=13. | Literal absolute proof-oracle queries in the screening model. Each unit of q contributes one proof-side Merkle authentication path; q is not a round count and not multiplied by hidden batching. | Query soundness is assessed with FRI-style lower and upper bounds at blowup 16: a proven rate^(q/2) lower bound and a conjectured ethSTARK-style rate^q upper bound, plus 0 query-grinding bits. | This tuned screen uses log_blowup=4 and grinding_bits=0. | field_inv_ops uses a structural proxy of 8 instead of the earlier query-scaled proxy of 16. | Derived proof_bytes baseline was 6712; this profile overrides it to 7168 for transport sensitivity."
spend-circle-p7168-c512-q3,Circle,7168,512,3,1714501.867362,1655480.472072,1773523.262651,1705530.636965,8848.751333,1714379.388298,-122.479064,1.224644,5.818182,false,predicted CU exceeds the transaction compute budget | query-controlled soundness lower bound 6.0 bits is below the 128.0-bit target,"Structured spend-screen profile derived from explicit statement and arithmetization assumptions; total_rows=6720, log2_rows=13. | Literal absolute proof-oracle queries in the screening model. Each unit of q contributes one proof-side Merkle authentication path; q is not a round count and not multiplied by hidden batching. | Query soundness is assessed with FRI-style lower and upper bounds at blowup 16: a proven rate^(q/2) lower bound and a conjectured ethSTARK-style rate^q upper bound, plus 0 query-grinding bits. | This tuned screen uses log_blowup=4 and grinding_bits=0. | field_inv_ops uses a structural proxy of 8 instead of the earlier query-scaled proxy of 13. | Derived proof_bytes baseline was 5848; this profile overrides it to 7168 for transport sensitivity."
spend-circle-p7168-c512-q4,Circle,7168,512,4,1830844.173501,1771822.778212,1889865.568791,1821835.323610,8848.751333,1830684.074943,-160.098558,1.307746,5.818182,false,predicted CU exceeds the transaction compute budget | query-controlled soundness lower bound 8.0 bits is below the 128.0-bit target,"Structured spend-screen profile derived from explicit statement and arithmetization assumptions; total_rows=6720, log2_rows=13. | Literal absolute proof-oracle queries in the screening model. Each unit of q contributes one proof-side Merkle authentication path; q is not a round count and not multiplied by hidden batching. | Query soundness is assessed with FRI-style lower and upper bounds at blowup 16: a proven rate^(q/2) lower bound and a conjectured ethSTARK-style rate^q upper bound, plus 0 query-grinding bits. | This tuned screen uses log_blowup=4 and grinding_bits=0. | field_inv_ops uses a structural proxy of 8 instead of the earlier query-scaled proxy of 14. | Derived proof_bytes baseline was 6136; this profile overrides it to 7168 for transport sensitivity."
spend-circle-p7168-c512-q5,Circle,7168,512,5,1947186.479641,1888165.084352,2006207.874931,1938140.010255,8848.751333,1946988.761588,-197.718053,1.390847,5.818182,false,predicted CU exceeds the transaction compute budget | query-controlled soundness lower bound 10.0 bits is below the 128.0-bit target,"Structured spend-screen profile derived from explicit statement and arithmetization assumptions; total_rows=6720, log2_rows=13. | Literal absolute proof-oracle queries in the screening model. Each unit of q contributes one proof-side Merkle authentication path; q is not a round count and not multiplied by hidden batching. | Query soundness is assessed with FRI-style lower and upper bounds at blowup 16: a proven rate^(q/2) lower bound and a conjectured ethSTARK-style rate^q upper bound, plus 0 query-grinding bits. | This tuned screen uses log_blowup=4 and grinding_bits=0. | field_inv_ops uses a structural proxy of 8 instead of the earlier query-scaled proxy of 15. | Derived proof_bytes baseline was 6424; this profile overrides it to 7168 for transport sensitivity."
spend-circle-p7168-c512-q6,Circle,7168,512,6,2063528.785781,2004507.390491,2122550.181070,2054444.696900,8848.751333,2063293.448233,-235.337548,1.473949,5.818182,false,predicted CU exceeds the transaction compute budget | query-controlled soundness lower bound 12.0 bits is below the 128.0-bit target,"Structured spend-screen profile derived from explicit statement and arithmetization assumptions; total_rows=6720, log2_rows=13. | Literal absolute proof-oracle queries in the screening model. Each unit of q contributes one proof-side Merkle authentication path; q is not a round count and not multiplied by hidden batching. | Query soundness is assessed with FRI-style lower and upper bounds at blowup 16: a proven rate^(q/2) lower bound and a conjectured ethSTARK-style rate^q upper bound, plus 0 query-grinding bits. | This tuned screen uses log_blowup=4 and grinding_bits=0. | field_inv_ops uses a structural proxy of 8 instead of the earlier query-scaled proxy of 16. | Derived proof_bytes baseline was 6712; this profile overrides it to 7168 for transport sensitivity."
spend-circle-p7168-c640-q3,Circle,7168,640,3,1714153.545724,1655132.150434,1773174.941013,1705530.636965,8498.581941,1714029.218905,-124.326818,1.224395,5.818182,false,predicted CU exceeds the transaction compute budget | query-controlled soundness lower bound 6.0 bits is below the 128.0-bit target,"Structured spend-screen profile derived from explicit statement and arithmetization assumptions; total_rows=6720, log2_rows=13. | Literal absolute proof-oracle queries in the screening model. Each unit of q contributes one proof-side Merkle authentication path; q is not a round count and not multiplied by hidden batching. | Query soundness is assessed with FRI-style lower and upper bounds at blowup 16: a proven rate^(q/2) lower bound and a conjectured ethSTARK-style rate^q upper bound, plus 0 query-grinding bits. | This tuned screen uses log_blowup=4 and grinding_bits=0. | field_inv_ops uses a structural proxy of 8 instead of the earlier query-scaled proxy of 13. | Derived proof_bytes baseline was 5848; this profile overrides it to 7168 for transport sensitivity."
spend-circle-p7168-c640-q4,Circle,7168,640,4,1830495.851863,1771474.456574,1889517.247153,1821835.323610,8498.581941,1830333.905550,-161.946313,1.307497,5.818182,false,predicted CU exceeds the transaction compute budget | query-controlled soundness lower bound 8.0 bits is below the 128.0-bit target,"Structured spend-screen profile derived from explicit statement and arithmetization assumptions; total_rows=6720, log2_rows=13. | Literal absolute proof-oracle queries in the screening model. Each unit of q contributes one proof-side Merkle authentication path; q is not a round count and not multiplied by hidden batching. | Query soundness is assessed with FRI-style lower and upper bounds at blowup 16: a proven rate^(q/2) lower bound and a conjectured ethSTARK-style rate^q upper bound, plus 0 query-grinding bits. | This tuned screen uses log_blowup=4 and grinding_bits=0. | field_inv_ops uses a structural proxy of 8 instead of the earlier query-scaled proxy of 14. | Derived proof_bytes baseline was 6136; this profile overrides it to 7168 for transport sensitivity."
spend-circle-p7168-c640-q5,Circle,7168,640,5,1946838.158003,1887816.762713,2005859.553293,1938140.010255,8498.581941,1946638.592196,-199.565807,1.390599,5.818182,false,predicted CU exceeds the transaction compute budget | query-controlled soundness lower bound 10.0 bits is below the 128.0-bit target,"Structured spend-screen profile derived from explicit statement and arithmetization assumptions; total_rows=6720, log2_rows=13. | Literal absolute proof-oracle queries in the screening model. Each unit of q contributes one proof-side Merkle authentication path; q is not a round count and not multiplied by hidden batching. | Query soundness is assessed with FRI-style lower and upper bounds at blowup 16: a proven rate^(q/2) lower bound and a conjectured ethSTARK-style rate^q upper bound, plus 0 query-grinding bits. | This tuned screen uses log_blowup=4 and grinding_bits=0. | field_inv_ops uses a structural proxy of 8 instead of the earlier query-scaled proxy of 15. | Derived proof_bytes baseline was 6424; this profile overrides it to 7168 for transport sensitivity."
spend-circle-p7168-c640-q6,Circle,7168,640,6,2063180.464143,2004159.068853,2122201.859432,2054444.696900,8498.581941,2062943.278841,-237.185302,1.473700,5.818182,false,predicted CU exceeds the transaction compute budget | query-controlled soundness lower bound 12.0 bits is below the 128.0-bit target,"Structured spend-screen profile derived from explicit statement and arithmetization assumptions; total_rows=6720, log2_rows=13. | Literal absolute proof-oracle queries in the screening model. Each unit of q contributes one proof-side Merkle authentication path; q is not a round count and not multiplied by hidden batching. | Query soundness is assessed with FRI-style lower and upper bounds at blowup 16: a proven rate^(q/2) lower bound and a conjectured ethSTARK-style rate^q upper bound, plus 0 query-grinding bits. | This tuned screen uses log_blowup=4 and grinding_bits=0. | field_inv_ops uses a structural proxy of 8 instead of the earlier query-scaled proxy of 16. | Derived proof_bytes baseline was 6712; this profile overrides it to 7168 for transport sensitivity."
spend-whir-p5120-c448-q3,WHIR,5120,448,3,1423185.970181,1364164.574891,1482207.365470,1416322.701425,6874.136608,1423196.838034,10.867853,1.016561,4.155844,false,predicted CU exceeds the transaction compute budget | query-controlled soundness lower bound 5.8 bits is below the 128.0-bit target,"Structured spend-screen profile derived from explicit statement and arithmetization assumptions; total_rows=6720, log2_rows=13. | Literal absolute proof queries in the screening model. q is an explicit verifier-query counter, not a query-round counter and not an effective-query estimate after hidden batching. | Query soundness is assessed with the official WHIR query-term models at inverse rate 16: Johnson-bound as the lower bound and capacity-bound as the upper bound, plus 0 PoW bits. | This tuned screen uses log_inv_rate=4 and grinding_bits=0. | field_inv_ops uses a structural proxy of 5 instead of the earlier query-scaled proxy of 13. | Derived proof_bytes baseline was 5088; this profile overrides it to 5120 for transport sensitivity."
spend-whir-p5120-c448-q4,WHIR,5120,448,4,1521763.202785,1462741.807495,1580784.598074,1514867.572949,6874.136608,1521741.709557,-21.493227,1.086974,4.155844,false,predicted CU exceeds the transaction compute budget | query-controlled soundness lower bound 7.7 bits is below the 128.0-bit target,"Structured spend-screen profile derived from explicit statement and arithmetization assumptions; total_rows=6720, log2_rows=13. | Literal absolute proof queries in the screening model. q is an explicit verifier-query counter, not a query-round counter and not an effective-query estimate after hidden batching. | Query soundness is assessed with the official WHIR query-term models at inverse rate 16: Johnson-bound as the lower bound and capacity-bound as the upper bound, plus 0 PoW bits. | This tuned screen uses log_inv_rate=4 and grinding_bits=0. | field_inv_ops uses a structural proxy of 5 instead of the earlier query-scaled proxy of 14. | Derived proof_bytes baseline was 5336; this profile overrides it to 5120 for transport sensitivity."
spend-whir-p5120-c448-q5,WHIR,5120,448,5,1620340.435389,1561319.040099,1679361.830678,1613412.444472,6874.136608,1620286.581080,-53.854308,1.157386,4.155844,false,predicted CU exceeds the transaction compute budget | query-controlled soundness lower bound 9.6 bits is below the 128.0-bit target,"Structured spend-screen profile derived from explicit statement and arithmetization assumptions; total_rows=6720, log2_rows=13. | Literal absolute proof queries in the screening model. q is an explicit verifier-query counter, not a query-round counter and not an effective-query estimate after hidden batching. | Query soundness is assessed with the official WHIR query-term models at inverse rate 16: Johnson-bound as the lower bound and capacity-bound as the upper bound, plus 0 PoW bits. | This tuned screen uses log_inv_rate=4 and grinding_bits=0. | field_inv_ops uses a structural proxy of 5 instead of the earlier query-scaled proxy of 15. | Derived proof_bytes baseline was 5584; this profile overrides it to 5120 for transport sensitivity."
spend-whir-p5120-c512-q3,WHIR,5120,512,3,1422837.648543,1363816.253253,1481859.043832,1416322.701425,6523.967216,1422846.668641,9.020099,1.016313,4.155844,false,predicted CU exceeds the transaction compute budget | query-controlled soundness lower bound 5.8 bits is below the 128.0-bit target,"Structured spend-screen profile derived from explicit statement and arithmetization assumptions; total_rows=6720, log2_rows=13. | Literal absolute proof queries in the screening model. q is an explicit verifier-query counter, not a query-round counter and not an effective-query estimate after hidden batching. | Query soundness is assessed with the official WHIR query-term models at inverse rate 16: Johnson-bound as the lower bound and capacity-bound as the upper bound, plus 0 PoW bits. | This tuned screen uses log_inv_rate=4 and grinding_bits=0. | field_inv_ops uses a structural proxy of 5 instead of the earlier query-scaled proxy of 13. | Derived proof_bytes baseline was 5088; this profile overrides it to 5120 for transport sensitivity."
spend-whir-p5120-c512-q4,WHIR,5120,512,4,1521414.881147,1462393.485857,1580436.276436,1514867.572949,6523.967216,1521391.540165,-23.340982,1.086725,4.155844,false,predicted CU exceeds the transaction compute budget | query-controlled soundness lower bound 7.7 bits is below the 128.0-bit target,"Structured spend-screen profile derived from explicit statement and arithmetization assumptions; total_rows=6720, log2_rows=13. | Literal absolute proof queries in the screening model. q is an explicit verifier-query counter, not a query-round counter and not an effective-query estimate after hidden batching. | Query soundness is assessed with the official WHIR query-term models at inverse rate 16: Johnson-bound as the lower bound and capacity-bound as the upper bound, plus 0 PoW bits. | This tuned screen uses log_inv_rate=4 and grinding_bits=0. | field_inv_ops uses a structural proxy of 5 instead of the earlier query-scaled proxy of 14. | Derived proof_bytes baseline was 5336; this profile overrides it to 5120 for transport sensitivity."
spend-whir-p5120-c512-q5,WHIR,5120,512,5,1619992.113750,1560970.718461,1679013.509040,1613412.444472,6523.967216,1619936.411688,-55.702063,1.157137,4.155844,false,predicted CU exceeds the transaction compute budget | query-controlled soundness lower bound 9.6 bits is below the 128.0-bit target,"Structured spend-screen profile derived from explicit statement and arithmetization assumptions; total_rows=6720, log2_rows=13. | Literal absolute proof queries in the screening model. q is an explicit verifier-query counter, not a query-round counter and not an effective-query estimate after hidden batching. | Query soundness is assessed with the official WHIR query-term models at inverse rate 16: Johnson-bound as the lower bound and capacity-bound as the upper bound, plus 0 PoW bits. | This tuned screen uses log_inv_rate=4 and grinding_bits=0. | field_inv_ops uses a structural proxy of 5 instead of the earlier query-scaled proxy of 15. | Derived proof_bytes baseline was 5584; this profile overrides it to 5120 for transport sensitivity."
spend-whir-p5120-c640-q3,WHIR,5120,640,3,1422489.326905,1363467.931615,1481510.722194,1416322.701425,6173.797823,1422496.499249,7.172344,1.016064,4.155844,false,predicted CU exceeds the transaction compute budget | query-controlled soundness lower bound 5.8 bits is below the 128.0-bit target,"Structured spend-screen profile derived from explicit statement and arithmetization assumptions; total_rows=6720, log2_rows=13. | Literal absolute proof queries in the screening model. q is an explicit verifier-query counter, not a query-round counter and not an effective-query estimate after hidden batching. | Query soundness is assessed with the official WHIR query-term models at inverse rate 16: Johnson-bound as the lower bound and capacity-bound as the upper bound, plus 0 PoW bits. | This tuned screen uses log_inv_rate=4 and grinding_bits=0. | field_inv_ops uses a structural proxy of 5 instead of the earlier query-scaled proxy of 13. | Derived proof_bytes baseline was 5088; this profile overrides it to 5120 for transport sensitivity."
spend-whir-p5120-c640-q4,WHIR,5120,640,4,1521066.559508,1462045.164219,1580087.954798,1514867.572949,6173.797823,1521041.370772,-25.188737,1.086476,4.155844,false,predicted CU exceeds the transaction compute budget | query-controlled soundness lower bound 7.7 bits is below the 128.0-bit target,"Structured spend-screen profile derived from explicit statement and arithmetization assumptions; total_rows=6720, log2_rows=13. | Literal absolute proof queries in the screening model. q is an explicit verifier-query counter, not a query-round counter and not an effective-query estimate after hidden batching. | Query soundness is assessed with the official WHIR query-term models at inverse rate 16: Johnson-bound as the lower bound and capacity-bound as the upper bound, plus 0 PoW bits. | This tuned screen uses log_inv_rate=4 and grinding_bits=0. | field_inv_ops uses a structural proxy of 5 instead of the earlier query-scaled proxy of 14. | Derived proof_bytes baseline was 5336; this profile overrides it to 5120 for transport sensitivity."
spend-whir-p5120-c640-q5,WHIR,5120,640,5,1619643.792112,1560622.396823,1678665.187402,1613412.444472,6173.797823,1619586.242295,-57.549817,1.156888,4.155844,false,predicted CU exceeds the transaction compute budget | query-controlled soundness lower bound 9.6 bits is below the 128.0-bit target,"Structured spend-screen profile derived from explicit statement and arithmetization assumptions; total_rows=6720, log2_rows=13. | Literal absolute proof queries in the screening model. q is an explicit verifier-query counter, not a query-round counter and not an effective-query estimate after hidden batching. | Query soundness is assessed with the official WHIR query-term models at inverse rate 16: Johnson-bound as the lower bound and capacity-bound as the upper bound, plus 0 PoW bits. | This tuned screen uses log_inv_rate=4 and grinding_bits=0. | field_inv_ops uses a structural proxy of 5 instead of the earlier query-scaled proxy of 15. | Derived proof_bytes baseline was 5584; this profile overrides it to 5120 for transport sensitivity."
spend-whir-p5632-c448-q3,WHIR,5632,448,3,1427806.138394,1368784.743104,1486827.533683,1420363.450359,7455.332638,1427818.782997,12.644603,1.019862,4.571429,false,predicted CU exceeds the transaction compute budget | query-controlled soundness lower bound 5.8 bits is below the 128.0-bit target,"Structured spend-screen profile derived from explicit statement and arithmetization assumptions; total_rows=6720, log2_rows=13. | Literal absolute proof queries in the screening model. q is an explicit verifier-query counter, not a query-round counter and not an effective-query estimate after hidden batching. | Query soundness is assessed with the official WHIR query-term models at inverse rate 16: Johnson-bound as the lower bound and capacity-bound as the upper bound, plus 0 PoW bits. | This tuned screen uses log_inv_rate=4 and grinding_bits=0. | field_inv_ops uses a structural proxy of 5 instead of the earlier query-scaled proxy of 13. | Derived proof_bytes baseline was 5088; this profile overrides it to 5632 for transport sensitivity."
spend-whir-p5632-c448-q4,WHIR,5632,448,4,1526383.370998,1467361.975708,1585404.766287,1518908.321882,7455.332638,1526363.654520,-19.716477,1.090274,4.571429,false,predicted CU exceeds the transaction compute budget | query-controlled soundness lower bound 7.7 bits is below the 128.0-bit target,"Structured spend-screen profile derived from explicit statement and arithmetization assumptions; total_rows=6720, log2_rows=13. | Literal absolute proof queries in the screening model. q is an explicit verifier-query counter, not a query-round counter and not an effective-query estimate after hidden batching. | Query soundness is assessed with the official WHIR query-term models at inverse rate 16: Johnson-bound as the lower bound and capacity-bound as the upper bound, plus 0 PoW bits. | This tuned screen uses log_inv_rate=4 and grinding_bits=0. | field_inv_ops uses a structural proxy of 5 instead of the earlier query-scaled proxy of 14. | Derived proof_bytes baseline was 5336; this profile overrides it to 5632 for transport sensitivity."
spend-whir-p5632-c448-q5,WHIR,5632,448,5,1624960.603602,1565939.208312,1683981.998891,1617453.193406,7455.332638,1624908.526044,-52.077558,1.160686,4.571429,false,predicted CU exceeds the transaction compute budget | query-controlled soundness lower bound 9.6 bits is below the 128.0-bit target,"Structured spend-screen profile derived from explicit statement and arithmetization assumptions; total_rows=6720, log2_rows=13. | Literal absolute proof queries in the screening model. q is an explicit verifier-query counter, not a query-round counter and not an effective-query estimate after hidden batching. | Query soundness is assessed with the official WHIR query-term models at inverse rate 16: Johnson-bound as the lower bound and capacity-bound as the upper bound, plus 0 PoW bits. | This tuned screen uses log_inv_rate=4 and grinding_bits=0. | field_inv_ops uses a structural proxy of 5 instead of the earlier query-scaled proxy of 15. | Derived proof_bytes baseline was 5584; this profile overrides it to 5632 for transport sensitivity."
spend-whir-p5632-c512-q3,WHIR,5632,512,3,1427457.816756,1368436.421466,1486479.212045,1420363.450359,7105.163245,1427468.613604,10.796849,1.019613,4.571429,false,predicted CU exceeds the transaction compute budget | query-controlled soundness lower bound 5.8 bits is below the 128.0-bit target,"Structured spend-screen profile derived from explicit statement and arithmetization assumptions; total_rows=6720, log2_rows=13. | Literal absolute proof queries in the screening model. q is an explicit verifier-query counter, not a query-round counter and not an effective-query estimate after hidden batching. | Query soundness is assessed with the official WHIR query-term models at inverse rate 16: Johnson-bound as the lower bound and capacity-bound as the upper bound, plus 0 PoW bits. | This tuned screen uses log_inv_rate=4 and grinding_bits=0. | field_inv_ops uses a structural proxy of 5 instead of the earlier query-scaled proxy of 13. | Derived proof_bytes baseline was 5088; this profile overrides it to 5632 for transport sensitivity."
spend-whir-p5632-c512-q4,WHIR,5632,512,4,1526035.049360,1467013.654070,1585056.444649,1518908.321882,7105.163245,1526013.485128,-21.564232,1.090025,4.571429,false,predicted CU exceeds the transaction compute budget | query-controlled soundness lower bound 7.7 bits is below the 128.0-bit target,"Structured spend-screen profile derived from explicit statement and arithmetization assumptions; total_rows=6720, log2_rows=13. | Literal absolute proof queries in the screening model. q is an explicit verifier-query counter, not a query-round counter and not an effective-query estimate after hidden batching. | Query soundness is assessed with the official WHIR query-term models at inverse rate 16: Johnson-bound as the lower bound and capacity-bound as the upper bound, plus 0 PoW bits. | This tuned screen uses log_inv_rate=4 and grinding_bits=0. | field_inv_ops uses a structural proxy of 5 instead of the earlier query-scaled proxy of 14. | Derived proof_bytes baseline was 5336; this profile overrides it to 5632 for transport sensitivity."
spend-whir-p5632-c512-q5,WHIR,5632,512,5,1624612.281964,1565590.886674,1683633.677253,1617453.193406,7105.163245,1624558.356651,-53.925313,1.160437,4.571429,false,predicted CU exceeds the transaction compute budget | query-controlled soundness lower bound 9.6 bits is below the 128.0-bit target,"Structured spend-screen profile derived from explicit statement and arithmetization assumptions; total_rows=6720, log2_rows=13. | Literal absolute proof queries in the screening model. q is an explicit verifier-query counter, not a query-round counter and not an effective-query estimate after hidden batching. | Query soundness is assessed with the official WHIR query-term models at inverse rate 16: Johnson-bound as the lower bound and capacity-bound as the upper bound, plus 0 PoW bits. | This tuned screen uses log_inv_rate=4 and grinding_bits=0. | field_inv_ops uses a structural proxy of 5 instead of the earlier query-scaled proxy of 15. | Derived proof_bytes baseline was 5584; this profile overrides it to 5632 for transport sensitivity."
spend-whir-p5632-c640-q3,WHIR,5632,640,3,1427109.495118,1368088.099828,1486130.890407,1420363.450359,6754.993853,1427118.444212,8.949094,1.019364,4.571429,false,predicted CU exceeds the transaction compute budget | query-controlled soundness lower bound 5.8 bits is below the 128.0-bit target,"Structured spend-screen profile derived from explicit statement and arithmetization assumptions; total_rows=6720, log2_rows=13. | Literal absolute proof queries in the screening model. q is an explicit verifier-query counter, not a query-round counter and not an effective-query estimate after hidden batching. | Query soundness is assessed with the official WHIR query-term models at inverse rate 16: Johnson-bound as the lower bound and capacity-bound as the upper bound, plus 0 PoW bits. | This tuned screen uses log_inv_rate=4 and grinding_bits=0. | field_inv_ops uses a structural proxy of 5 instead of the earlier query-scaled proxy of 13. | Derived proof_bytes baseline was 5088; this profile overrides it to 5632 for transport sensitivity."
spend-whir-p5632-c640-q4,WHIR,5632,640,4,1525686.727722,1466665.332432,1584708.123011,1518908.321882,6754.993853,1525663.315735,-23.411987,1.089776,4.571429,false,predicted CU exceeds the transaction compute budget | query-controlled soundness lower bound 7.7 bits is below the 128.0-bit target,"Structured spend-screen profile derived from explicit statement and arithmetization assumptions; total_rows=6720, log2_rows=13. | Literal absolute proof queries in the screening model. q is an explicit verifier-query counter, not a query-round counter and not an effective-query estimate after hidden batching. | Query soundness is assessed with the official WHIR query-term models at inverse rate 16: Johnson-bound as the lower bound and capacity-bound as the upper bound, plus 0 PoW bits. | This tuned screen uses log_inv_rate=4 and grinding_bits=0. | field_inv_ops uses a structural proxy of 5 instead of the earlier query-scaled proxy of 14. | Derived proof_bytes baseline was 5336; this profile overrides it to 5632 for transport sensitivity."
spend-whir-p5632-c640-q5,WHIR,5632,640,5,1624263.960325,1565242.565036,1683285.355615,1617453.193406,6754.993853,1624208.187258,-55.773067,1.160189,4.571429,false,predicted CU exceeds the transaction compute budget | query-controlled soundness lower bound 9.6 bits is below the 128.0-bit target,"Structured spend-screen profile derived from explicit statement and arithmetization assumptions; total_rows=6720, log2_rows=13. | Literal absolute proof queries in the screening model. q is an explicit verifier-query counter, not a query-round counter and not an effective-query estimate after hidden batching. | Query soundness is assessed with the official WHIR query-term models at inverse rate 16: Johnson-bound as the lower bound and capacity-bound as the upper bound, plus 0 PoW bits. | This tuned screen uses log_inv_rate=4 and grinding_bits=0. | field_inv_ops uses a structural proxy of 5 instead of the earlier query-scaled proxy of 15. | Derived proof_bytes baseline was 5584; this profile overrides it to 5632 for transport sensitivity."
spend-whir-p6144-c448-q3,WHIR,6144,448,3,1432426.306607,1373404.911317,1491447.701896,1424404.199293,8036.528667,1432440.727960,14.421353,1.023162,4.987013,false,predicted CU exceeds the transaction compute budget | query-controlled soundness lower bound 5.8 bits is below the 128.0-bit target,"Structured spend-screen profile derived from explicit statement and arithmetization assumptions; total_rows=6720, log2_rows=13. | Literal absolute proof queries in the screening model. q is an explicit verifier-query counter, not a query-round counter and not an effective-query estimate after hidden batching. | Query soundness is assessed with the official WHIR query-term models at inverse rate 16: Johnson-bound as the lower bound and capacity-bound as the upper bound, plus 0 PoW bits. | This tuned screen uses log_inv_rate=4 and grinding_bits=0. | field_inv_ops uses a structural proxy of 5 instead of the earlier query-scaled proxy of 13. | Derived proof_bytes baseline was 5088; this profile overrides it to 6144 for transport sensitivity."
spend-whir-p6144-c448-q4,WHIR,6144,448,4,1531003.539211,1471982.143921,1590024.934500,1522949.070816,8036.528667,1530985.599483,-17.939728,1.093574,4.987013,false,predicted CU exceeds the transaction compute budget | query-controlled soundness lower bound 7.7 bits is below the 128.0-bit target,"Structured spend-screen profile derived from explicit statement and arithmetization assumptions; total_rows=6720, log2_rows=13. | Literal absolute proof queries in the screening model. q is an explicit verifier-query counter, not a query-round counter and not an effective-query estimate after hidden batching. | Query soundness is assessed with the official WHIR query-term models at inverse rate 16: Johnson-bound as the lower bound and capacity-bound as the upper bound, plus 0 PoW bits. | This tuned screen uses log_inv_rate=4 and grinding_bits=0. | field_inv_ops uses a structural proxy of 5 instead of the earlier query-scaled proxy of 14. | Derived proof_bytes baseline was 5336; this profile overrides it to 6144 for transport sensitivity."
spend-whir-p6144-c448-q5,WHIR,6144,448,5,1629580.771815,1570559.376525,1688602.167104,1621493.942339,8036.528667,1629530.471007,-50.300808,1.163986,4.987013,false,predicted CU exceeds the transaction compute budget | query-controlled soundness lower bound 9.6 bits is below the 128.0-bit target,"Structured spend-screen profile derived from explicit statement and arithmetization assumptions; total_rows=6720, log2_rows=13. | Literal absolute proof queries in the screening model. q is an explicit verifier-query counter, not a query-round counter and not an effective-query estimate after hidden batching. | Query soundness is assessed with the official WHIR query-term models at inverse rate 16: Johnson-bound as the lower bound and capacity-bound as the upper bound, plus 0 PoW bits. | This tuned screen uses log_inv_rate=4 and grinding_bits=0. | field_inv_ops uses a structural proxy of 5 instead of the earlier query-scaled proxy of 15. | Derived proof_bytes baseline was 5584; this profile overrides it to 6144 for transport sensitivity."
spend-whir-p6144-c512-q3,WHIR,6144,512,3,1432077.984969,1373056.589679,1491099.380258,1424404.199293,7686.359275,1432090.558567,12.573599,1.022913,4.987013,false,predicted CU exceeds the transaction compute budget | query-controlled soundness lower bound 5.8 bits is below the 128.0-bit target,"Structured spend-screen profile derived from explicit statement and arithmetization assumptions; total_rows=6720, log2_rows=13. | Literal absolute proof queries in the screening model. q is an explicit verifier-query counter, not a query-round counter and not an effective-query estimate after hidden batching. | Query soundness is assessed with the official WHIR query-term models at inverse rate 16: Johnson-bound as the lower bound and capacity-bound as the upper bound, plus 0 PoW bits. | This tuned screen uses log_inv_rate=4 and grinding_bits=0. | field_inv_ops uses a structural proxy of 5 instead of the earlier query-scaled proxy of 13. | Derived proof_bytes baseline was 5088; this profile overrides it to 6144 for transport sensitivity."
spend-whir-p6144-c512-q4,WHIR,6144,512,4,1530655.217573,1471633.822283,1589676.612862,1522949.070816,7686.359275,1530635.430091,-19.787482,1.093325,4.987013,false,predicted CU exceeds the transaction compute budget | query-controlled soundness lower bound 7.7 bits is below the 128.0-bit target,"Structured spend-screen profile derived from explicit statement and arithmetization assumptions; total_rows=6720, log2_rows=13. | Literal absolute proof queries in the screening model. q is an explicit verifier-query counter, not a query-round counter and not an effective-query estimate after hidden batching. | Query soundness is assessed with the official WHIR query-term models at inverse rate 16: Johnson-bound as the lower bound and capacity-bound as the upper bound, plus 0 PoW bits. | This tuned screen uses log_inv_rate=4 and grinding_bits=0. | field_inv_ops uses a structural proxy of 5 instead of the earlier query-scaled proxy of 14. | Derived proof_bytes baseline was 5336; this profile overrides it to 6144 for transport sensitivity."
spend-whir-p6144-c512-q5,WHIR,6144,512,5,1629232.450177,1570211.054887,1688253.845466,1621493.942339,7686.359275,1629180.301614,-52.148563,1.163737,4.987013,false,predicted CU exceeds the transaction compute budget | query-controlled soundness lower bound 9.6 bits is below the 128.0-bit target,"Structured spend-screen profile derived from explicit statement and arithmetization assumptions; total_rows=6720, log2_rows=13. | Literal absolute proof queries in the screening model. q is an explicit verifier-query counter, not a query-round counter and not an effective-query estimate after hidden batching. | Query soundness is assessed with the official WHIR query-term models at inverse rate 16: Johnson-bound as the lower bound and capacity-bound as the upper bound, plus 0 PoW bits. | This tuned screen uses log_inv_rate=4 and grinding_bits=0. | field_inv_ops uses a structural proxy of 5 instead of the earlier query-scaled proxy of 15. | Derived proof_bytes baseline was 5584; this profile overrides it to 6144 for transport sensitivity."
spend-whir-p6144-c640-q3,WHIR,6144,640,3,1431729.663331,1372708.268041,1490751.058620,1424404.199293,7336.189882,1431740.389175,10.725844,1.022664,4.987013,false,predicted CU exceeds the transaction compute budget | query-controlled soundness lower bound 5.8 bits is below the 128.0-bit target,"Structured spend-screen profile derived from explicit statement and arithmetization assumptions; total_rows=6720, log2_rows=13. | Literal absolute proof queries in the screening model. q is an explicit verifier-query counter, not a query-round counter and not an effective-query estimate after hidden batching. | Query soundness is assessed with the official WHIR query-term models at inverse rate 16: Johnson-bound as the lower bound and capacity-bound as the upper bound, plus 0 PoW bits. | This tuned screen uses log_inv_rate=4 and grinding_bits=0. | field_inv_ops uses a structural proxy of 5 instead of the earlier query-scaled proxy of 13. | Derived proof_bytes baseline was 5088; this profile overrides it to 6144 for transport sensitivity."
spend-whir-p6144-c640-q4,WHIR,6144,640,4,1530306.895935,1471285.500645,1589328.291224,1522949.070816,7336.189882,1530285.260698,-21.635237,1.093076,4.987013,false,predicted CU exceeds the transaction compute budget | query-controlled soundness lower bound 7.7 bits is below the 128.0-bit target,"Structured spend-screen profile derived from explicit statement and arithmetization assumptions; total_rows=6720, log2_rows=13. | Literal absolute proof queries in the screening model. q is an explicit verifier-query counter, not a query-round counter and not an effective-query estimate after hidden batching. | Query soundness is assessed with the official WHIR query-term models at inverse rate 16: Johnson-bound as the lower bound and capacity-bound as the upper bound, plus 0 PoW bits. | This tuned screen uses log_inv_rate=4 and grinding_bits=0. | field_inv_ops uses a structural proxy of 5 instead of the earlier query-scaled proxy of 14. | Derived proof_bytes baseline was 5336; this profile overrides it to 6144 for transport sensitivity."
spend-whir-p6144-c640-q5,WHIR,6144,640,5,1628884.128539,1569862.733249,1687905.523828,1621493.942339,7336.189882,1628830.132221,-53.996317,1.163489,4.987013,false,predicted CU exceeds the transaction compute budget | query-controlled soundness lower bound 9.6 bits is below the 128.0-bit target,"Structured spend-screen profile derived from explicit statement and arithmetization assumptions; total_rows=6720, log2_rows=13. | Literal absolute proof queries in the screening model. q is an explicit verifier-query counter, not a query-round counter and not an effective-query estimate after hidden batching. | Query soundness is assessed with the official WHIR query-term models at inverse rate 16: Johnson-bound as the lower bound and capacity-bound as the upper bound, plus 0 PoW bits. | This tuned screen uses log_inv_rate=4 and grinding_bits=0. | field_inv_ops uses a structural proxy of 5 instead of the earlier query-scaled proxy of 15. | Derived proof_bytes baseline was 5584; this profile overrides it to 6144 for transport sensitivity."
spend-whir-p6656-c448-q3,WHIR,6656,448,3,1437046.474820,1378025.079530,1496067.870110,1428444.948226,8617.724697,1437062.672923,16.198103,1.026462,5.402597,false,predicted CU exceeds the transaction compute budget | query-controlled soundness lower bound 5.8 bits is below the 128.0-bit target,"Structured spend-screen profile derived from explicit statement and arithmetization assumptions; total_rows=6720, log2_rows=13. | Literal absolute proof queries in the screening model. q is an explicit verifier-query counter, not a query-round counter and not an effective-query estimate after hidden batching. | Query soundness is assessed with the official WHIR query-term models at inverse rate 16: Johnson-bound as the lower bound and capacity-bound as the upper bound, plus 0 PoW bits. | This tuned screen uses log_inv_rate=4 and grinding_bits=0. | field_inv_ops uses a structural proxy of 5 instead of the earlier query-scaled proxy of 13. | Derived proof_bytes baseline was 5088; this profile overrides it to 6656 for transport sensitivity."
spend-whir-p6656-c448-q4,WHIR,6656,448,4,1535623.707424,1476602.312134,1594645.102713,1526989.819750,8617.724697,1535607.544446,-16.162978,1.096874,5.402597,false,predicted CU exceeds the transaction compute budget | query-controlled soundness lower bound 7.7 bits is below the 128.0-bit target,"Structured spend-screen profile derived from explicit statement and arithmetization assumptions; total_rows=6720, log2_rows=13. | Literal absolute proof queries in the screening model. q is an explicit verifier-query counter, not a query-round counter and not an effective-query estimate after hidden batching. | Query soundness is assessed with the official WHIR query-term models at inverse rate 16: Johnson-bound as the lower bound and capacity-bound as the upper bound, plus 0 PoW bits. | This tuned screen uses log_inv_rate=4 and grinding_bits=0. | field_inv_ops uses a structural proxy of 5 instead of the earlier query-scaled proxy of 14. | Derived proof_bytes baseline was 5336; this profile overrides it to 6656 for transport sensitivity."
spend-whir-p6656-c448-q5,WHIR,6656,448,5,1634200.940028,1575179.544738,1693222.335317,1625534.691273,8617.724697,1634152.415970,-48.524058,1.167286,5.402597,false,predicted CU exceeds the transaction compute budget | query-controlled soundness lower bound 9.6 bits is below the 128.0-bit target,"Structured spend-screen profile derived from explicit statement and arithmetization assumptions; total_rows=6720, log2_rows=13. | Literal absolute proof queries in the screening model. q is an explicit verifier-query counter, not a query-round counter and not an effective-query estimate after hidden batching. | Query soundness is assessed with the official WHIR query-term models at inverse rate 16: Johnson-bound as the lower bound and capacity-bound as the upper bound, plus 0 PoW bits. | This tuned screen uses log_inv_rate=4 and grinding_bits=0. | field_inv_ops uses a structural proxy of 5 instead of the earlier query-scaled proxy of 15. | Derived proof_bytes baseline was 5584; this profile overrides it to 6656 for transport sensitivity."
spend-whir-p6656-c512-q3,WHIR,6656,512,3,1436698.153182,1377676.757892,1495719.548471,1428444.948226,8267.555304,1436712.503530,14.350349,1.026213,5.402597,false,predicted CU exceeds the transaction compute budget | query-controlled soundness lower bound 5.8 bits is below the 128.0-bit target,"Structured spend-screen profile derived from explicit statement and arithmetization assumptions; total_rows=6720, log2_rows=13. | Literal absolute proof queries in the screening model. q is an explicit verifier-query counter, not a query-round counter and not an effective-query estimate after hidden batching. | Query soundness is assessed with the official WHIR query-term models at inverse rate 16: Johnson-bound as the lower bound and capacity-bound as the upper bound, plus 0 PoW bits. | This tuned screen uses log_inv_rate=4 and grinding_bits=0. | field_inv_ops uses a structural proxy of 5 instead of the earlier query-scaled proxy of 13. | Derived proof_bytes baseline was 5088; this profile overrides it to 6656 for transport sensitivity."
spend-whir-p6656-c512-q4,WHIR,6656,512,4,1535275.385786,1476253.990496,1594296.781075,1526989.819750,8267.555304,1535257.375054,-18.010732,1.096625,5.402597,false,predicted CU exceeds the transaction compute budget | query-controlled soundness lower bound 7.7 bits is below the 128.0-bit target,"Structured spend-screen profile derived from explicit statement and arithmetization assumptions; total_rows=6720, log2_rows=13. | Literal absolute proof queries in the screening model. q is an explicit verifier-query counter, not a query-round counter and not an effective-query estimate after hidden batching. | Query soundness is assessed with the official WHIR query-term models at inverse rate 16: Johnson-bound as the lower bound and capacity-bound as the upper bound, plus 0 PoW bits. | This tuned screen uses log_inv_rate=4 and grinding_bits=0. | field_inv_ops uses a structural proxy of 5 instead of the earlier query-scaled proxy of 14. | Derived proof_bytes baseline was 5336; this profile overrides it to 6656 for transport sensitivity."
spend-whir-p6656-c512-q5,WHIR,6656,512,5,1633852.618390,1574831.223100,1692874.013679,1625534.691273,8267.555304,1633802.246577,-50.371813,1.167038,5.402597,false,predicted CU exceeds the transaction compute budget | query-controlled soundness lower bound 9.6 bits is below the 128.0-bit target,"Structured spend-screen profile derived from explicit statement and arithmetization assumptions; total_rows=6720, log2_rows=13. | Literal absolute proof queries in the screening model. q is an explicit verifier-query counter, not a query-round counter and not an effective-query estimate after hidden batching. | Query soundness is assessed with the official WHIR query-term models at inverse rate 16: Johnson-bound as the lower bound and capacity-bound as the upper bound, plus 0 PoW bits. | This tuned screen uses log_inv_rate=4 and grinding_bits=0. | field_inv_ops uses a structural proxy of 5 instead of the earlier query-scaled proxy of 15. | Derived proof_bytes baseline was 5584; this profile overrides it to 6656 for transport sensitivity."
spend-whir-p6656-c640-q3,WHIR,6656,640,3,1436349.831544,1377328.436254,1495371.226833,1428444.948226,7917.385911,1436362.334138,12.502594,1.025964,5.402597,false,predicted CU exceeds the transaction compute budget | query-controlled soundness lower bound 5.8 bits is below the 128.0-bit target,"Structured spend-screen profile derived from explicit statement and arithmetization assumptions; total_rows=6720, log2_rows=13. | Literal absolute proof queries in the screening model. q is an explicit verifier-query counter, not a query-round counter and not an effective-query estimate after hidden batching. | Query soundness is assessed with the official WHIR query-term models at inverse rate 16: Johnson-bound as the lower bound and capacity-bound as the upper bound, plus 0 PoW bits. | This tuned screen uses log_inv_rate=4 and grinding_bits=0. | field_inv_ops uses a structural proxy of 5 instead of the earlier query-scaled proxy of 13. | Derived proof_bytes baseline was 5088; this profile overrides it to 6656 for transport sensitivity."
spend-whir-p6656-c640-q4,WHIR,6656,640,4,1534927.064148,1475905.668858,1593948.459437,1526989.819750,7917.385911,1534907.205661,-19.858487,1.096376,5.402597,false,predicted CU exceeds the transaction compute budget | query-controlled soundness lower bound 7.7 bits is below the 128.0-bit target,"Structured spend-screen profile derived from explicit statement and arithmetization assumptions; total_rows=6720, log2_rows=13. | Literal absolute proof queries in the screening model. q is an explicit verifier-query counter, not a query-round counter and not an effective-query estimate after hidden batching. | Query soundness is assessed with the official WHIR query-term models at inverse rate 16: Johnson-bound as the lower bound and capacity-bound as the upper bound, plus 0 PoW bits. | This tuned screen uses log_inv_rate=4 and grinding_bits=0. | field_inv_ops uses a structural proxy of 5 instead of the earlier query-scaled proxy of 14. | Derived proof_bytes baseline was 5336; this profile overrides it to 6656 for transport sensitivity."
spend-whir-p6656-c640-q5,WHIR,6656,640,5,1633504.296752,1574482.901462,1692525.692041,1625534.691273,7917.385911,1633452.077184,-52.219567,1.166789,5.402597,false,predicted CU exceeds the transaction compute budget | query-controlled soundness lower bound 9.6 bits is below the 128.0-bit target,"Structured spend-screen profile derived from explicit statement and arithmetization assumptions; total_rows=6720, log2_rows=13. | Literal absolute proof queries in the screening model. q is an explicit verifier-query counter, not a query-round counter and not an effective-query estimate after hidden batching. | Query soundness is assessed with the official WHIR query-term models at inverse rate 16: Johnson-bound as the lower bound and capacity-bound as the upper bound, plus 0 PoW bits. | This tuned screen uses log_inv_rate=4 and grinding_bits=0. | field_inv_ops uses a structural proxy of 5 instead of the earlier query-scaled proxy of 15. | Derived proof_bytes baseline was 5584; this profile overrides it to 6656 for transport sensitivity."
