scenario_name,variant,security_target_bits,soundness_assumption,legacy_bound_cu,total_explicit_query_count,round_query_counts,arithmetic_kernel_id,extension_kernel_id,lift_policy,whir_fold_mode,stage,repetition,proof_bytes,upload_chunk_size,upload_chunks,heap_frame_bytes_requested,heap_pages_32k,actual_cu,elapsed_ns,sha_calls,sha_bytes,merkle_levels,m31_mul_ops,cm31_mul_ops,qm31_mul_ops,field_mul_projection,extension_mul_projection,field_inv_projection,predicted_cu,predicted_component_cu,predicted_core_cu,predicted_transport_cu,abs_error_cu,rel_error
whir_t100_capacity_full,direct_schoolbook_eager,100.0,whir_capacity_full,4193302.7181686424,28,18|10,direct_m31,schoolbook,eager_qm31,raw_fibers,host_verify,0,12356,640,20,32768,1,,2735583,338,19280,254,3858,430,56,4754,514,56,,,,,,
whir_t100_capacity_full,direct_schoolbook_eager,100.0,whir_capacity_full,4193302.7181686424,28,18|10,direct_m31,schoolbook,eager_qm31,raw_fibers,upload_total,0,12356,640,20,0,0,25938,,20,12996,0,0,0,0,4754,514,56,,,,,,
whir_t100_capacity_full,direct_schoolbook_eager,100.0,whir_capacity_full,4193302.7181686424,28,18|10,direct_m31,schoolbook,eager_qm31,raw_fibers,verify_sbf,0,12356,640,20,32768,1,502791,,338,19280,254,3858,430,56,4754,514,56,16120260.66828506,16115458.09434218,16101443.784838542,14014.309503637956,15591531.66828506,29.488701524382172
whir_t100_capacity_full,direct_schoolbook_eager,100.0,whir_capacity_full,4193302.7181686424,28,18|10,direct_m31,schoolbook,eager_qm31,raw_fibers,total_sbf,0,12356,640,20,32768,1,528729,,338,19280,254,3858,430,56,4754,514,56,16120260.66828506,16115458.09434218,16101443.784838542,14014.309503637956,15591531.66828506,29.488701524382172
whir_t100_capacity_full,direct_schoolbook_eager,100.0,whir_capacity_full,4193302.7181686424,28,18|10,direct_m31,schoolbook,eager_qm31,raw_fibers,verify_sbf,1,12356,640,20,32768,1,502791,,338,19280,254,3858,430,56,4754,514,56,16120260.66828506,16115458.09434218,16101443.784838542,14014.309503637956,15591531.66828506,29.488701524382172
whir_t100_capacity_full,direct_schoolbook_eager,100.0,whir_capacity_full,4193302.7181686424,28,18|10,direct_m31,schoolbook,eager_qm31,raw_fibers,total_sbf,1,12356,640,20,32768,1,528729,,338,19280,254,3858,430,56,4754,514,56,16120260.66828506,16115458.09434218,16101443.784838542,14014.309503637956,15591531.66828506,29.488701524382172
whir_t100_capacity_full,direct_schoolbook_eager,100.0,whir_capacity_full,4193302.7181686424,28,18|10,direct_m31,schoolbook,eager_qm31,raw_fibers,verify_sbf,2,12356,640,20,32768,1,502791,,338,19280,254,3858,430,56,4754,514,56,16120260.66828506,16115458.09434218,16101443.784838542,14014.309503637956,15591531.66828506,29.488701524382172
whir_t100_capacity_full,direct_schoolbook_eager,100.0,whir_capacity_full,4193302.7181686424,28,18|10,direct_m31,schoolbook,eager_qm31,raw_fibers,total_sbf,2,12356,640,20,32768,1,528729,,338,19280,254,3858,430,56,4754,514,56,16120260.66828506,16115458.09434218,16101443.784838542,14014.309503637956,15591531.66828506,29.488701524382172
whir_t100_capacity_full,reference_schoolbook_eager,100.0,whir_capacity_full,4193302.7181686424,28,18|10,reference_canonical,schoolbook,eager_qm31,raw_fibers,host_verify,0,12356,640,20,32768,1,,1386125,338,19280,254,3858,430,56,4754,514,56,,,,,,
whir_t100_capacity_full,reference_schoolbook_eager,100.0,whir_capacity_full,4193302.7181686424,28,18|10,reference_canonical,schoolbook,eager_qm31,raw_fibers,upload_total,0,12356,640,20,0,0,25938,,20,12996,0,0,0,0,4754,514,56,,,,,,
whir_t100_capacity_full,reference_schoolbook_eager,100.0,whir_capacity_full,4193302.7181686424,28,18|10,reference_canonical,schoolbook,eager_qm31,raw_fibers,verify_sbf,0,12356,640,20,32768,1,455451,,338,19280,254,3858,430,56,4754,514,56,16120260.66828506,16115458.09434218,16101443.784838542,14014.309503637956,15638871.66828506,32.48697346280256
whir_t100_capacity_full,reference_schoolbook_eager,100.0,whir_capacity_full,4193302.7181686424,28,18|10,reference_canonical,schoolbook,eager_qm31,raw_fibers,total_sbf,0,12356,640,20,32768,1,481389,,338,19280,254,3858,430,56,4754,514,56,16120260.66828506,16115458.09434218,16101443.784838542,14014.309503637956,15638871.66828506,32.48697346280256
whir_t100_capacity_full,reference_schoolbook_eager,100.0,whir_capacity_full,4193302.7181686424,28,18|10,reference_canonical,schoolbook,eager_qm31,raw_fibers,verify_sbf,1,12356,640,20,32768,1,455451,,338,19280,254,3858,430,56,4754,514,56,16120260.66828506,16115458.09434218,16101443.784838542,14014.309503637956,15638871.66828506,32.48697346280256
whir_t100_capacity_full,reference_schoolbook_eager,100.0,whir_capacity_full,4193302.7181686424,28,18|10,reference_canonical,schoolbook,eager_qm31,raw_fibers,total_sbf,1,12356,640,20,32768,1,481389,,338,19280,254,3858,430,56,4754,514,56,16120260.66828506,16115458.09434218,16101443.784838542,14014.309503637956,15638871.66828506,32.48697346280256
whir_t100_capacity_full,reference_schoolbook_eager,100.0,whir_capacity_full,4193302.7181686424,28,18|10,reference_canonical,schoolbook,eager_qm31,raw_fibers,verify_sbf,2,12356,640,20,32768,1,455451,,338,19280,254,3858,430,56,4754,514,56,16120260.66828506,16115458.09434218,16101443.784838542,14014.309503637956,15638871.66828506,32.48697346280256
whir_t100_capacity_full,reference_schoolbook_eager,100.0,whir_capacity_full,4193302.7181686424,28,18|10,reference_canonical,schoolbook,eager_qm31,raw_fibers,total_sbf,2,12356,640,20,32768,1,481389,,338,19280,254,3858,430,56,4754,514,56,16120260.66828506,16115458.09434218,16101443.784838542,14014.309503637956,15638871.66828506,32.48697346280256
whir_t100_capacity_full,reference_karatsuba_eager,100.0,whir_capacity_full,4193302.7181686424,28,18|10,reference_canonical,karatsuba,eager_qm31,raw_fibers,host_verify,0,12356,640,20,32768,1,,1816750,338,19280,254,3260,374,56,4156,458,56,,,,,,
whir_t100_capacity_full,reference_karatsuba_eager,100.0,whir_capacity_full,4193302.7181686424,28,18|10,reference_canonical,karatsuba,eager_qm31,raw_fibers,upload_total,0,12356,640,20,0,0,25938,,20,12996,0,0,0,0,4156,458,56,,,,,,
whir_t100_capacity_full,reference_karatsuba_eager,100.0,whir_capacity_full,4193302.7181686424,28,18|10,reference_canonical,karatsuba,eager_qm31,raw_fibers,verify_sbf,0,12356,640,20,32768,1,451018,,338,19280,254,3260,374,56,4156,458,56,15698357.123782165,15693692.230904795,15679677.921401158,14014.309503637956,15221401.123782165,31.91363799550098
whir_t100_capacity_full,reference_karatsuba_eager,100.0,whir_capacity_full,4193302.7181686424,28,18|10,reference_canonical,karatsuba,eager_qm31,raw_fibers,total_sbf,0,12356,640,20,32768,1,476956,,338,19280,254,3260,374,56,4156,458,56,15698357.123782165,15693692.230904795,15679677.921401158,14014.309503637956,15221401.123782165,31.91363799550098
whir_t100_capacity_full,reference_karatsuba_eager,100.0,whir_capacity_full,4193302.7181686424,28,18|10,reference_canonical,karatsuba,eager_qm31,raw_fibers,verify_sbf,1,12356,640,20,32768,1,451018,,338,19280,254,3260,374,56,4156,458,56,15698357.123782165,15693692.230904795,15679677.921401158,14014.309503637956,15221401.123782165,31.91363799550098
whir_t100_capacity_full,reference_karatsuba_eager,100.0,whir_capacity_full,4193302.7181686424,28,18|10,reference_canonical,karatsuba,eager_qm31,raw_fibers,total_sbf,1,12356,640,20,32768,1,476956,,338,19280,254,3260,374,56,4156,458,56,15698357.123782165,15693692.230904795,15679677.921401158,14014.309503637956,15221401.123782165,31.91363799550098
whir_t100_capacity_full,reference_karatsuba_eager,100.0,whir_capacity_full,4193302.7181686424,28,18|10,reference_canonical,karatsuba,eager_qm31,raw_fibers,verify_sbf,2,12356,640,20,32768,1,451018,,338,19280,254,3260,374,56,4156,458,56,15698357.123782165,15693692.230904795,15679677.921401158,14014.309503637956,15221401.123782165,31.91363799550098
whir_t100_capacity_full,reference_karatsuba_eager,100.0,whir_capacity_full,4193302.7181686424,28,18|10,reference_canonical,karatsuba,eager_qm31,raw_fibers,total_sbf,2,12356,640,20,32768,1,476956,,338,19280,254,3260,374,56,4156,458,56,15698357.123782165,15693692.230904795,15679677.921401158,14014.309503637956,15221401.123782165,31.91363799550098
whir_t100_capacity_full,reference_karatsuba_late,100.0,whir_capacity_full,4193302.7181686424,28,18|10,reference_canonical,karatsuba,late_lift_qm31,raw_fibers,host_verify,0,12356,640,20,32768,1,,1821333,338,19280,254,3064,290,28,3960,374,56,,,,,,
whir_t100_capacity_full,reference_karatsuba_late,100.0,whir_capacity_full,4193302.7181686424,28,18|10,reference_canonical,karatsuba,late_lift_qm31,raw_fibers,upload_total,0,12356,640,20,0,0,25938,,20,12996,0,0,0,0,3960,374,56,,,,,,
whir_t100_capacity_full,reference_karatsuba_late,100.0,whir_capacity_full,4193302.7181686424,28,18|10,reference_canonical,karatsuba,late_lift_qm31,raw_fibers,verify_sbf,0,12356,640,20,32768,1,432105,,338,19280,254,3064,290,28,3960,374,56,15309429.76987553,15304864.473620001,15290850.164116364,14014.309503637956,14851386.76987553,32.42356453406237
whir_t100_capacity_full,reference_karatsuba_late,100.0,whir_capacity_full,4193302.7181686424,28,18|10,reference_canonical,karatsuba,late_lift_qm31,raw_fibers,total_sbf,0,12356,640,20,32768,1,458043,,338,19280,254,3064,290,28,3960,374,56,15309429.76987553,15304864.473620001,15290850.164116364,14014.309503637956,14851386.76987553,32.42356453406237
whir_t100_capacity_full,reference_karatsuba_late,100.0,whir_capacity_full,4193302.7181686424,28,18|10,reference_canonical,karatsuba,late_lift_qm31,raw_fibers,verify_sbf,1,12356,640,20,32768,1,432105,,338,19280,254,3064,290,28,3960,374,56,15309429.76987553,15304864.473620001,15290850.164116364,14014.309503637956,14851386.76987553,32.42356453406237
whir_t100_capacity_full,reference_karatsuba_late,100.0,whir_capacity_full,4193302.7181686424,28,18|10,reference_canonical,karatsuba,late_lift_qm31,raw_fibers,total_sbf,1,12356,640,20,32768,1,458043,,338,19280,254,3064,290,28,3960,374,56,15309429.76987553,15304864.473620001,15290850.164116364,14014.309503637956,14851386.76987553,32.42356453406237
whir_t100_capacity_full,reference_karatsuba_late,100.0,whir_capacity_full,4193302.7181686424,28,18|10,reference_canonical,karatsuba,late_lift_qm31,raw_fibers,verify_sbf,2,12356,640,20,32768,1,432105,,338,19280,254,3064,290,28,3960,374,56,15309429.76987553,15304864.473620001,15290850.164116364,14014.309503637956,14851386.76987553,32.42356453406237
whir_t100_capacity_full,reference_karatsuba_late,100.0,whir_capacity_full,4193302.7181686424,28,18|10,reference_canonical,karatsuba,late_lift_qm31,raw_fibers,total_sbf,2,12356,640,20,32768,1,458043,,338,19280,254,3064,290,28,3960,374,56,15309429.76987553,15304864.473620001,15290850.164116364,14014.309503637956,14851386.76987553,32.42356453406237
whir_t128_capacity_full,direct_schoolbook_eager,128.0,whir_capacity_full,5312340.073934028,39,25|14,direct_m31,schoolbook,eager_qm31,raw_fibers,host_verify,0,15468,640,25,32768,1,,3759292,471,26868,354,5374,599,78,6622,716,78,,,,,,
whir_t128_capacity_full,direct_schoolbook_eager,128.0,whir_capacity_full,5312340.073934028,39,25|14,direct_m31,schoolbook,eager_qm31,raw_fibers,upload_total,0,15468,640,25,0,0,32434,,25,16268,0,0,0,0,6622,716,78,,,,,,
whir_t128_capacity_full,direct_schoolbook_eager,128.0,whir_capacity_full,5312340.073934028,39,25|14,direct_m31,schoolbook,eager_qm31,raw_fibers,verify_sbf,0,15468,640,25,32768,1,665552,,471,26868,354,5374,599,78,6622,716,78,20841478.54053258,20834839.23514674,20817481.106715064,17358.128431672918,20143492.54053258,28.859450677424164
whir_t128_capacity_full,direct_schoolbook_eager,128.0,whir_capacity_full,5312340.073934028,39,25|14,direct_m31,schoolbook,eager_qm31,raw_fibers,total_sbf,0,15468,640,25,32768,1,697986,,471,26868,354,5374,599,78,6622,716,78,20841478.54053258,20834839.23514674,20817481.106715064,17358.128431672918,20143492.54053258,28.859450677424164
whir_t128_capacity_full,direct_schoolbook_eager,128.0,whir_capacity_full,5312340.073934028,39,25|14,direct_m31,schoolbook,eager_qm31,raw_fibers,verify_sbf,1,15468,640,25,32768,1,665552,,471,26868,354,5374,599,78,6622,716,78,20841478.54053258,20834839.23514674,20817481.106715064,17358.128431672918,20143492.54053258,28.859450677424164
whir_t128_capacity_full,direct_schoolbook_eager,128.0,whir_capacity_full,5312340.073934028,39,25|14,direct_m31,schoolbook,eager_qm31,raw_fibers,total_sbf,1,15468,640,25,32768,1,697986,,471,26868,354,5374,599,78,6622,716,78,20841478.54053258,20834839.23514674,20817481.106715064,17358.128431672918,20143492.54053258,28.859450677424164
whir_t128_capacity_full,direct_schoolbook_eager,128.0,whir_capacity_full,5312340.073934028,39,25|14,direct_m31,schoolbook,eager_qm31,raw_fibers,verify_sbf,2,15468,640,25,32768,1,665552,,471,26868,354,5374,599,78,6622,716,78,20841478.54053258,20834839.23514674,20817481.106715064,17358.128431672918,20143492.54053258,28.859450677424164
whir_t128_capacity_full,direct_schoolbook_eager,128.0,whir_capacity_full,5312340.073934028,39,25|14,direct_m31,schoolbook,eager_qm31,raw_fibers,total_sbf,2,15468,640,25,32768,1,697986,,471,26868,354,5374,599,78,6622,716,78,20841478.54053258,20834839.23514674,20817481.106715064,17358.128431672918,20143492.54053258,28.859450677424164
whir_t128_capacity_full,reference_schoolbook_eager,128.0,whir_capacity_full,5312340.073934028,39,25|14,reference_canonical,schoolbook,eager_qm31,raw_fibers,host_verify,0,15468,640,25,32768,1,,2375625,471,26868,354,5374,599,78,6622,716,78,,,,,,
whir_t128_capacity_full,reference_schoolbook_eager,128.0,whir_capacity_full,5312340.073934028,39,25|14,reference_canonical,schoolbook,eager_qm31,raw_fibers,upload_total,0,15468,640,25,0,0,32434,,25,16268,0,0,0,0,6622,716,78,,,,,,
whir_t128_capacity_full,reference_schoolbook_eager,128.0,whir_capacity_full,5312340.073934028,39,25|14,reference_canonical,schoolbook,eager_qm31,raw_fibers,verify_sbf,0,15468,640,25,32768,1,599615,,471,26868,354,5374,599,78,6622,716,78,20841478.54053258,20834839.23514674,20817481.106715064,17358.128431672918,20209429.54053258,31.974466442526737
whir_t128_capacity_full,reference_schoolbook_eager,128.0,whir_capacity_full,5312340.073934028,39,25|14,reference_canonical,schoolbook,eager_qm31,raw_fibers,total_sbf,0,15468,640,25,32768,1,632049,,471,26868,354,5374,599,78,6622,716,78,20841478.54053258,20834839.23514674,20817481.106715064,17358.128431672918,20209429.54053258,31.974466442526737
whir_t128_capacity_full,reference_schoolbook_eager,128.0,whir_capacity_full,5312340.073934028,39,25|14,reference_canonical,schoolbook,eager_qm31,raw_fibers,verify_sbf,1,15468,640,25,32768,1,599615,,471,26868,354,5374,599,78,6622,716,78,20841478.54053258,20834839.23514674,20817481.106715064,17358.128431672918,20209429.54053258,31.974466442526737
whir_t128_capacity_full,reference_schoolbook_eager,128.0,whir_capacity_full,5312340.073934028,39,25|14,reference_canonical,schoolbook,eager_qm31,raw_fibers,total_sbf,1,15468,640,25,32768,1,632049,,471,26868,354,5374,599,78,6622,716,78,20841478.54053258,20834839.23514674,20817481.106715064,17358.128431672918,20209429.54053258,31.974466442526737
whir_t128_capacity_full,reference_schoolbook_eager,128.0,whir_capacity_full,5312340.073934028,39,25|14,reference_canonical,schoolbook,eager_qm31,raw_fibers,verify_sbf,2,15468,640,25,32768,1,599615,,471,26868,354,5374,599,78,6622,716,78,20841478.54053258,20834839.23514674,20817481.106715064,17358.128431672918,20209429.54053258,31.974466442526737
whir_t128_capacity_full,reference_schoolbook_eager,128.0,whir_capacity_full,5312340.073934028,39,25|14,reference_canonical,schoolbook,eager_qm31,raw_fibers,total_sbf,2,15468,640,25,32768,1,632049,,471,26868,354,5374,599,78,6622,716,78,20841478.54053258,20834839.23514674,20817481.106715064,17358.128431672918,20209429.54053258,31.974466442526737
whir_t128_capacity_full,reference_karatsuba_eager,128.0,whir_capacity_full,5312340.073934028,39,25|14,reference_canonical,karatsuba,eager_qm31,raw_fibers,host_verify,0,15468,640,25,32768,1,,2479250,471,26868,354,4541,521,78,5789,638,78,,,,,,
whir_t128_capacity_full,reference_karatsuba_eager,128.0,whir_capacity_full,5312340.073934028,39,25|14,reference_canonical,karatsuba,eager_qm31,raw_fibers,upload_total,0,15468,640,25,0,0,32434,,25,16268,0,0,0,0,5789,638,78,,,,,,
whir_t128_capacity_full,reference_karatsuba_eager,128.0,whir_capacity_full,5312340.073934028,39,25|14,reference_canonical,karatsuba,eager_qm31,raw_fibers,verify_sbf,0,15468,640,25,32768,1,593469,,471,26868,354,4541,521,78,5789,638,78,20253799.999274567,20247352.475644376,20229994.347212702,17358.128431672918,19627896.999274567,31.35932724283885
whir_t128_capacity_full,reference_karatsuba_eager,128.0,whir_capacity_full,5312340.073934028,39,25|14,reference_canonical,karatsuba,eager_qm31,raw_fibers,total_sbf,0,15468,640,25,32768,1,625903,,471,26868,354,4541,521,78,5789,638,78,20253799.999274567,20247352.475644376,20229994.347212702,17358.128431672918,19627896.999274567,31.35932724283885
whir_t128_capacity_full,reference_karatsuba_eager,128.0,whir_capacity_full,5312340.073934028,39,25|14,reference_canonical,karatsuba,eager_qm31,raw_fibers,verify_sbf,1,15468,640,25,32768,1,593469,,471,26868,354,4541,521,78,5789,638,78,20253799.999274567,20247352.475644376,20229994.347212702,17358.128431672918,19627896.999274567,31.35932724283885
whir_t128_capacity_full,reference_karatsuba_eager,128.0,whir_capacity_full,5312340.073934028,39,25|14,reference_canonical,karatsuba,eager_qm31,raw_fibers,total_sbf,1,15468,640,25,32768,1,625903,,471,26868,354,4541,521,78,5789,638,78,20253799.999274567,20247352.475644376,20229994.347212702,17358.128431672918,19627896.999274567,31.35932724283885
whir_t128_capacity_full,reference_karatsuba_eager,128.0,whir_capacity_full,5312340.073934028,39,25|14,reference_canonical,karatsuba,eager_qm31,raw_fibers,verify_sbf,2,15468,640,25,32768,1,593469,,471,26868,354,4541,521,78,5789,638,78,20253799.999274567,20247352.475644376,20229994.347212702,17358.128431672918,19627896.999274567,31.35932724283885
whir_t128_capacity_full,reference_karatsuba_eager,128.0,whir_capacity_full,5312340.073934028,39,25|14,reference_canonical,karatsuba,eager_qm31,raw_fibers,total_sbf,2,15468,640,25,32768,1,625903,,471,26868,354,4541,521,78,5789,638,78,20253799.999274567,20247352.475644376,20229994.347212702,17358.128431672918,19627896.999274567,31.35932724283885
whir_t128_capacity_full,reference_karatsuba_late,128.0,whir_capacity_full,5312340.073934028,39,25|14,reference_canonical,karatsuba,late_lift_qm31,raw_fibers,host_verify,0,15468,640,25,32768,1,,2724708,471,26868,354,4268,404,39,5516,521,78,,,,,,
whir_t128_capacity_full,reference_karatsuba_late,128.0,whir_capacity_full,5312340.073934028,39,25|14,reference_canonical,karatsuba,late_lift_qm31,raw_fibers,upload_total,0,15468,640,25,0,0,32434,,25,16268,0,0,0,0,5516,521,78,,,,,,
whir_t128_capacity_full,reference_karatsuba_late,128.0,whir_capacity_full,5312340.073934028,39,25|14,reference_canonical,karatsuba,late_lift_qm31,raw_fibers,verify_sbf,0,15468,640,25,32768,1,567168,,471,26868,354,4268,404,39,5516,521,78,19712079.756333183,19705770.956569128,19688412.828137454,17358.128431672918,19112477.756333183,31.875273525327106
whir_t128_capacity_full,reference_karatsuba_late,128.0,whir_capacity_full,5312340.073934028,39,25|14,reference_canonical,karatsuba,late_lift_qm31,raw_fibers,total_sbf,0,15468,640,25,32768,1,599602,,471,26868,354,4268,404,39,5516,521,78,19712079.756333183,19705770.956569128,19688412.828137454,17358.128431672918,19112477.756333183,31.875273525327106
whir_t128_capacity_full,reference_karatsuba_late,128.0,whir_capacity_full,5312340.073934028,39,25|14,reference_canonical,karatsuba,late_lift_qm31,raw_fibers,verify_sbf,1,15468,640,25,32768,1,567168,,471,26868,354,4268,404,39,5516,521,78,19712079.756333183,19705770.956569128,19688412.828137454,17358.128431672918,19112477.756333183,31.875273525327106
whir_t128_capacity_full,reference_karatsuba_late,128.0,whir_capacity_full,5312340.073934028,39,25|14,reference_canonical,karatsuba,late_lift_qm31,raw_fibers,total_sbf,1,15468,640,25,32768,1,599602,,471,26868,354,4268,404,39,5516,521,78,19712079.756333183,19705770.956569128,19688412.828137454,17358.128431672918,19112477.756333183,31.875273525327106
whir_t128_capacity_full,reference_karatsuba_late,128.0,whir_capacity_full,5312340.073934028,39,25|14,reference_canonical,karatsuba,late_lift_qm31,raw_fibers,verify_sbf,2,15468,640,25,32768,1,567168,,471,26868,354,4268,404,39,5516,521,78,19712079.756333183,19705770.956569128,19688412.828137454,17358.128431672918,19112477.756333183,31.875273525327106
whir_t128_capacity_full,reference_karatsuba_late,128.0,whir_capacity_full,5312340.073934028,39,25|14,reference_canonical,karatsuba,late_lift_qm31,raw_fibers,total_sbf,2,15468,640,25,32768,1,599602,,471,26868,354,4268,404,39,5516,521,78,19712079.756333183,19705770.956569128,19688412.828137454,17358.128431672918,19112477.756333183,31.875273525327106
whir_t128_johnson_full,direct_schoolbook_eager,128.0,whir_johnson_full,9279066.766649041,78,50|28,direct_m31,schoolbook,eager_qm31,raw_fibers,host_verify,0,26463,640,42,32768,1,,5339667,942,53736,708,10636,1170,156,13132,1404,156,,,,,,
whir_t128_johnson_full,direct_schoolbook_eager,128.0,whir_johnson_full,9279066.766649041,78,50|28,direct_m31,schoolbook,eager_qm31,raw_fibers,upload_total,0,26463,640,42,0,0,54727,,42,27807,0,0,0,0,13132,1404,156,,,,,,
whir_t128_johnson_full,direct_schoolbook_eager,128.0,whir_johnson_full,9279066.766649041,78,50|28,direct_m31,schoolbook,eager_qm31,raw_fibers,verify_sbf,0,26463,640,42,32768,1,1236403,,942,53736,708,10636,1170,156,13132,1404,156,37395912.94255597,37382810.518275164,37353754.867765196,29055.650509969997,36104782.94255597,27.963708489893328
whir_t128_johnson_full,direct_schoolbook_eager,128.0,whir_johnson_full,9279066.766649041,78,50|28,direct_m31,schoolbook,eager_qm31,raw_fibers,total_sbf,0,26463,640,42,32768,1,1291130,,942,53736,708,10636,1170,156,13132,1404,156,37395912.94255597,37382810.518275164,37353754.867765196,29055.650509969997,36104782.94255597,27.963708489893328
whir_t128_johnson_full,direct_schoolbook_eager,128.0,whir_johnson_full,9279066.766649041,78,50|28,direct_m31,schoolbook,eager_qm31,raw_fibers,verify_sbf,1,26463,640,42,32768,1,1236403,,942,53736,708,10636,1170,156,13132,1404,156,37395912.94255597,37382810.518275164,37353754.867765196,29055.650509969997,36104782.94255597,27.963708489893328
whir_t128_johnson_full,direct_schoolbook_eager,128.0,whir_johnson_full,9279066.766649041,78,50|28,direct_m31,schoolbook,eager_qm31,raw_fibers,total_sbf,1,26463,640,42,32768,1,1291130,,942,53736,708,10636,1170,156,13132,1404,156,37395912.94255597,37382810.518275164,37353754.867765196,29055.650509969997,36104782.94255597,27.963708489893328
whir_t128_johnson_full,direct_schoolbook_eager,128.0,whir_johnson_full,9279066.766649041,78,50|28,direct_m31,schoolbook,eager_qm31,raw_fibers,verify_sbf,2,26463,640,42,32768,1,1236403,,942,53736,708,10636,1170,156,13132,1404,156,37395912.94255597,37382810.518275164,37353754.867765196,29055.650509969997,36104782.94255597,27.963708489893328
whir_t128_johnson_full,direct_schoolbook_eager,128.0,whir_johnson_full,9279066.766649041,78,50|28,direct_m31,schoolbook,eager_qm31,raw_fibers,total_sbf,2,26463,640,42,32768,1,1291130,,942,53736,708,10636,1170,156,13132,1404,156,37395912.94255597,37382810.518275164,37353754.867765196,29055.650509969997,36104782.94255597,27.963708489893328
whir_t128_johnson_full,reference_schoolbook_eager,128.0,whir_johnson_full,9279066.766649041,78,50|28,reference_canonical,schoolbook,eager_qm31,raw_fibers,host_verify,0,26463,640,42,32768,1,,3932959,942,53736,708,10636,1170,156,13132,1404,156,,,,,,
whir_t128_johnson_full,reference_schoolbook_eager,128.0,whir_johnson_full,9279066.766649041,78,50|28,reference_canonical,schoolbook,eager_qm31,raw_fibers,upload_total,0,26463,640,42,0,0,54727,,42,27807,0,0,0,0,13132,1404,156,,,,,,
whir_t128_johnson_full,reference_schoolbook_eager,128.0,whir_johnson_full,9279066.766649041,78,50|28,reference_canonical,schoolbook,eager_qm31,raw_fibers,verify_sbf,0,26463,640,42,32768,1,1106077,,942,53736,708,10636,1170,156,13132,1404,156,37395912.94255597,37382810.518275164,37353754.867765196,29055.650509969997,36235108.94255597,31.215527291907996
whir_t128_johnson_full,reference_schoolbook_eager,128.0,whir_johnson_full,9279066.766649041,78,50|28,reference_canonical,schoolbook,eager_qm31,raw_fibers,total_sbf,0,26463,640,42,32768,1,1160804,,942,53736,708,10636,1170,156,13132,1404,156,37395912.94255597,37382810.518275164,37353754.867765196,29055.650509969997,36235108.94255597,31.215527291907996
whir_t128_johnson_full,reference_schoolbook_eager,128.0,whir_johnson_full,9279066.766649041,78,50|28,reference_canonical,schoolbook,eager_qm31,raw_fibers,verify_sbf,1,26463,640,42,32768,1,1106077,,942,53736,708,10636,1170,156,13132,1404,156,37395912.94255597,37382810.518275164,37353754.867765196,29055.650509969997,36235108.94255597,31.215527291907996
whir_t128_johnson_full,reference_schoolbook_eager,128.0,whir_johnson_full,9279066.766649041,78,50|28,reference_canonical,schoolbook,eager_qm31,raw_fibers,total_sbf,1,26463,640,42,32768,1,1160804,,942,53736,708,10636,1170,156,13132,1404,156,37395912.94255597,37382810.518275164,37353754.867765196,29055.650509969997,36235108.94255597,31.215527291907996
whir_t128_johnson_full,reference_schoolbook_eager,128.0,whir_johnson_full,9279066.766649041,78,50|28,reference_canonical,schoolbook,eager_qm31,raw_fibers,verify_sbf,2,26463,640,42,32768,1,1106077,,942,53736,708,10636,1170,156,13132,1404,156,37395912.94255597,37382810.518275164,37353754.867765196,29055.650509969997,36235108.94255597,31.215527291907996
whir_t128_johnson_full,reference_schoolbook_eager,128.0,whir_johnson_full,9279066.766649041,78,50|28,reference_canonical,schoolbook,eager_qm31,raw_fibers,total_sbf,2,26463,640,42,32768,1,1160804,,942,53736,708,10636,1170,156,13132,1404,156,37395912.94255597,37382810.518275164,37353754.867765196,29055.650509969997,36235108.94255597,31.215527291907996
whir_t128_johnson_full,reference_karatsuba_eager,128.0,whir_johnson_full,9279066.766649041,78,50|28,reference_canonical,karatsuba,eager_qm31,raw_fibers,host_verify,0,26463,640,42,32768,1,,4069625,942,53736,708,8998,1014,156,11494,1248,156,,,,,,
whir_t128_johnson_full,reference_karatsuba_eager,128.0,whir_johnson_full,9279066.766649041,78,50|28,reference_canonical,karatsuba,eager_qm31,raw_fibers,upload_total,0,26463,640,42,0,0,54727,,42,27807,0,0,0,0,11494,1248,156,,,,,,
whir_t128_johnson_full,reference_karatsuba_eager,128.0,whir_johnson_full,9279066.766649041,78,50|28,reference_canonical,karatsuba,eager_qm31,raw_fibers,verify_sbf,0,26463,640,42,32768,1,1093312,,942,53736,708,8998,1014,156,11494,1248,156,36231208.73459864,36218485.28738382,36189429.63687385,29055.650509969997,35083169.73459864,30.559214220595848
whir_t128_johnson_full,reference_karatsuba_eager,128.0,whir_johnson_full,9279066.766649041,78,50|28,reference_canonical,karatsuba,eager_qm31,raw_fibers,total_sbf,0,26463,640,42,32768,1,1148039,,942,53736,708,8998,1014,156,11494,1248,156,36231208.73459864,36218485.28738382,36189429.63687385,29055.650509969997,35083169.73459864,30.559214220595848
whir_t128_johnson_full,reference_karatsuba_eager,128.0,whir_johnson_full,9279066.766649041,78,50|28,reference_canonical,karatsuba,eager_qm31,raw_fibers,verify_sbf,1,26463,640,42,32768,1,1093312,,942,53736,708,8998,1014,156,11494,1248,156,36231208.73459864,36218485.28738382,36189429.63687385,29055.650509969997,35083169.73459864,30.559214220595848
whir_t128_johnson_full,reference_karatsuba_eager,128.0,whir_johnson_full,9279066.766649041,78,50|28,reference_canonical,karatsuba,eager_qm31,raw_fibers,total_sbf,1,26463,640,42,32768,1,1148039,,942,53736,708,8998,1014,156,11494,1248,156,36231208.73459864,36218485.28738382,36189429.63687385,29055.650509969997,35083169.73459864,30.559214220595848
whir_t128_johnson_full,reference_karatsuba_eager,128.0,whir_johnson_full,9279066.766649041,78,50|28,reference_canonical,karatsuba,eager_qm31,raw_fibers,verify_sbf,2,26463,640,42,32768,1,1093312,,942,53736,708,8998,1014,156,11494,1248,156,36231208.73459864,36218485.28738382,36189429.63687385,29055.650509969997,35083169.73459864,30.559214220595848
whir_t128_johnson_full,reference_karatsuba_eager,128.0,whir_johnson_full,9279066.766649041,78,50|28,reference_canonical,karatsuba,eager_qm31,raw_fibers,total_sbf,2,26463,640,42,32768,1,1148039,,942,53736,708,8998,1014,156,11494,1248,156,36231208.73459864,36218485.28738382,36189429.63687385,29055.650509969997,35083169.73459864,30.559214220595848
whir_t128_johnson_full,reference_karatsuba_late,128.0,whir_johnson_full,9279066.766649041,78,50|28,reference_canonical,karatsuba,late_lift_qm31,raw_fibers,host_verify,0,26463,640,42,32768,1,,4091583,942,53736,708,8452,780,78,10948,1014,156,,,,,,
whir_t128_johnson_full,reference_karatsuba_late,128.0,whir_johnson_full,9279066.766649041,78,50|28,reference_canonical,karatsuba,late_lift_qm31,raw_fibers,upload_total,0,26463,640,42,0,0,54727,,42,27807,0,0,0,0,10948,1014,156,,,,,,
whir_t128_johnson_full,reference_karatsuba_late,128.0,whir_johnson_full,9279066.766649041,78,50|28,reference_canonical,karatsuba,late_lift_qm31,raw_fibers,verify_sbf,0,26463,640,42,32768,1,1040694,,942,53736,708,8452,780,78,10948,1014,156,35147768.24871588,35135322.24923332,35106266.59872335,29055.650509969997,34052347.24871588,31.08608219918723
whir_t128_johnson_full,reference_karatsuba_late,128.0,whir_johnson_full,9279066.766649041,78,50|28,reference_canonical,karatsuba,late_lift_qm31,raw_fibers,total_sbf,0,26463,640,42,32768,1,1095421,,942,53736,708,8452,780,78,10948,1014,156,35147768.24871588,35135322.24923332,35106266.59872335,29055.650509969997,34052347.24871588,31.08608219918723
whir_t128_johnson_full,reference_karatsuba_late,128.0,whir_johnson_full,9279066.766649041,78,50|28,reference_canonical,karatsuba,late_lift_qm31,raw_fibers,verify_sbf,1,26463,640,42,32768,1,1040694,,942,53736,708,8452,780,78,10948,1014,156,35147768.24871588,35135322.24923332,35106266.59872335,29055.650509969997,34052347.24871588,31.08608219918723
whir_t128_johnson_full,reference_karatsuba_late,128.0,whir_johnson_full,9279066.766649041,78,50|28,reference_canonical,karatsuba,late_lift_qm31,raw_fibers,total_sbf,1,26463,640,42,32768,1,1095421,,942,53736,708,8452,780,78,10948,1014,156,35147768.24871588,35135322.24923332,35106266.59872335,29055.650509969997,34052347.24871588,31.08608219918723
whir_t128_johnson_full,reference_karatsuba_late,128.0,whir_johnson_full,9279066.766649041,78,50|28,reference_canonical,karatsuba,late_lift_qm31,raw_fibers,verify_sbf,2,26463,640,42,32768,1,1040694,,942,53736,708,8452,780,78,10948,1014,156,35147768.24871588,35135322.24923332,35106266.59872335,29055.650509969997,34052347.24871588,31.08608219918723
whir_t128_johnson_full,reference_karatsuba_late,128.0,whir_johnson_full,9279066.766649041,78,50|28,reference_canonical,karatsuba,late_lift_qm31,raw_fibers,total_sbf,2,26463,640,42,32768,1,1095421,,942,53736,708,8452,780,78,10948,1014,156,35147768.24871588,35135322.24923332,35106266.59872335,29055.650509969997,34052347.24871588,31.08608219918723
