extension_kernel_id,workload,domain,repetition,iterations,logical_units,actual_cu,cu_per_unit,elapsed_ns,ns_per_unit,cm31_mul_ops,cm31_square_ops,cm31_inv_ops,qm31_mul_ops,qm31_square_ops,qm31_inv_ops
schoolbook,cm31_mul,host,0,512,512,,,317666,620.44140625,512,0,0,0,0,0
schoolbook,cm31_mul,sbf,0,512,512,591012,1154.3203125,,,512,0,0,0,0,0
schoolbook,cm31_mul,host,1,512,512,,,313458,612.22265625,512,0,0,0,0,0
schoolbook,cm31_mul,sbf,1,512,512,591012,1154.3203125,,,512,0,0,0,0,0
schoolbook,cm31_mul,host,2,512,512,,,327500,639.6484375,512,0,0,0,0,0
schoolbook,cm31_mul,sbf,2,512,512,591012,1154.3203125,,,512,0,0,0,0,0
schoolbook,cm31_square,host,0,512,512,,,317542,620.19921875,0,512,0,0,0,0
schoolbook,cm31_square,sbf,0,512,512,570281,1113.830078125,,,0,512,0,0,0,0
schoolbook,cm31_square,host,1,512,512,,,323541,631.916015625,0,512,0,0,0,0
schoolbook,cm31_square,sbf,1,512,512,570281,1113.830078125,,,0,512,0,0,0,0
schoolbook,cm31_square,host,2,512,512,,,311208,607.828125,0,512,0,0,0,0
schoolbook,cm31_square,sbf,2,512,512,570281,1113.830078125,,,0,512,0,0,0,0
schoolbook,cm31_mul_const,host,0,512,512,,,309833,605.142578125,0,0,0,0,0,0
schoolbook,cm31_mul_const,sbf,0,512,512,533402,1041.80078125,,,0,0,0,0,0,0
schoolbook,cm31_mul_const,host,1,512,512,,,319083,623.208984375,0,0,0,0,0,0
schoolbook,cm31_mul_const,sbf,1,512,512,533402,1041.80078125,,,0,0,0,0,0,0
schoolbook,cm31_mul_const,host,2,512,512,,,305958,597.57421875,0,0,0,0,0,0
schoolbook,cm31_mul_const,sbf,2,512,512,533402,1041.80078125,,,0,0,0,0,0,0
schoolbook,cm31_inv,host,0,48,48,,,53000,1104.1666666666667,0,0,48,0,0,0
schoolbook,cm31_inv,sbf,0,48,48,182358,3799.125,,,0,0,48,0,0,0
schoolbook,cm31_inv,host,1,48,48,,,52583,1095.4791666666667,0,0,48,0,0,0
schoolbook,cm31_inv,sbf,1,48,48,182358,3799.125,,,0,0,48,0,0,0
schoolbook,cm31_inv,host,2,48,48,,,46000,958.3333333333334,0,0,48,0,0,0
schoolbook,cm31_inv,sbf,2,48,48,182358,3799.125,,,0,0,48,0,0,0
schoolbook,qm31_mul,host,0,256,256,,,192917,753.58203125,1280,0,0,256,0,0
schoolbook,qm31_mul,sbf,0,256,256,511618,1998.5078125,,,1280,0,0,256,0,0
schoolbook,qm31_mul,host,1,256,256,,,189958,742.0234375,1280,0,0,256,0,0
schoolbook,qm31_mul,sbf,1,256,256,511618,1998.5078125,,,1280,0,0,256,0,0
schoolbook,qm31_mul,host,2,256,256,,,193333,755.20703125,1280,0,0,256,0,0
schoolbook,qm31_mul,sbf,2,256,256,511618,1998.5078125,,,1280,0,0,256,0,0
schoolbook,qm31_square,host,0,256,256,,,202875,792.48046875,512,512,0,0,256,0
schoolbook,qm31_square,sbf,0,256,256,441773,1725.67578125,,,512,512,0,0,256,0
schoolbook,qm31_square,host,1,256,256,,,189959,742.02734375,512,512,0,0,256,0
schoolbook,qm31_square,sbf,1,256,256,441773,1725.67578125,,,512,512,0,0,256,0
schoolbook,qm31_square,host,2,256,256,,,202584,791.34375,512,512,0,0,256,0
schoolbook,qm31_square,sbf,2,256,256,441773,1725.67578125,,,512,512,0,0,256,0
schoolbook,qm31_mul_const,host,0,256,256,,,161834,632.1640625,512,0,0,0,0,0
schoolbook,qm31_mul_const,sbf,0,256,256,348681,1362.03515625,,,512,0,0,0,0,0
schoolbook,qm31_mul_const,host,1,256,256,,,175417,685.22265625,512,0,0,0,0,0
schoolbook,qm31_mul_const,sbf,1,256,256,348681,1362.03515625,,,512,0,0,0,0,0
schoolbook,qm31_mul_const,host,2,256,256,,,178708,698.078125,512,0,0,0,0,0
schoolbook,qm31_mul_const,sbf,2,256,256,348681,1362.03515625,,,512,0,0,0,0,0
schoolbook,qm31_inv,host,0,24,24,,,32292,1345.5,72,48,24,0,0,24
schoolbook,qm31_inv,sbf,0,24,24,114575,4773.958333333333,,,72,48,24,0,0,24
schoolbook,qm31_inv,host,1,24,24,,,29042,1210.0833333333333,72,48,24,0,0,24
schoolbook,qm31_inv,sbf,1,24,24,114575,4773.958333333333,,,72,48,24,0,0,24
schoolbook,qm31_inv,host,2,24,24,,,31333,1305.5416666666667,72,48,24,0,0,24
schoolbook,qm31_inv,sbf,2,24,24,114575,4773.958333333333,,,72,48,24,0,0,24
schoolbook,skeleton_accumulator,host,0,96,96,,,170875,1779.9479166666667,1152,384,96,96,96,96
schoolbook,skeleton_accumulator,sbf,0,96,96,675561,7037.09375,,,1152,384,96,96,96,96
schoolbook,skeleton_accumulator,host,1,96,96,,,158625,1652.34375,1152,384,96,96,96,96
schoolbook,skeleton_accumulator,sbf,1,96,96,675561,7037.09375,,,1152,384,96,96,96,96
schoolbook,skeleton_accumulator,host,2,96,96,,,154208,1606.3333333333333,1152,384,96,96,96,96
schoolbook,skeleton_accumulator,sbf,2,96,96,675561,7037.09375,,,1152,384,96,96,96,96
karatsuba,cm31_mul,host,0,512,512,,,308667,602.865234375,512,0,0,0,0,0
karatsuba,cm31_mul,sbf,0,512,512,592032,1156.3125,,,512,0,0,0,0,0
karatsuba,cm31_mul,host,1,512,512,,,310333,606.119140625,512,0,0,0,0,0
karatsuba,cm31_mul,sbf,1,512,512,592032,1156.3125,,,512,0,0,0,0,0
karatsuba,cm31_mul,host,2,512,512,,,311292,607.9921875,512,0,0,0,0,0
karatsuba,cm31_mul,sbf,2,512,512,592032,1156.3125,,,512,0,0,0,0,0
karatsuba,cm31_square,host,0,512,512,,,305750,597.16796875,0,512,0,0,0,0
karatsuba,cm31_square,sbf,0,512,512,570283,1113.833984375,,,0,512,0,0,0,0
karatsuba,cm31_square,host,1,512,512,,,310084,605.6328125,0,512,0,0,0,0
karatsuba,cm31_square,sbf,1,512,512,570283,1113.833984375,,,0,512,0,0,0,0
karatsuba,cm31_square,host,2,512,512,,,320083,625.162109375,0,512,0,0,0,0
karatsuba,cm31_square,sbf,2,512,512,570283,1113.833984375,,,0,512,0,0,0,0
karatsuba,cm31_mul_const,host,0,512,512,,,298833,583.658203125,0,0,0,0,0,0
karatsuba,cm31_mul_const,sbf,0,512,512,533404,1041.8046875,,,0,0,0,0,0,0
karatsuba,cm31_mul_const,host,1,512,512,,,293167,572.591796875,0,0,0,0,0,0
karatsuba,cm31_mul_const,sbf,1,512,512,533404,1041.8046875,,,0,0,0,0,0,0
karatsuba,cm31_mul_const,host,2,512,512,,,295208,576.578125,0,0,0,0,0,0
karatsuba,cm31_mul_const,sbf,2,512,512,533404,1041.8046875,,,0,0,0,0,0,0
karatsuba,cm31_inv,host,0,48,48,,,47083,980.8958333333334,0,0,48,0,0,0
karatsuba,cm31_inv,sbf,0,48,48,182360,3799.1666666666665,,,0,0,48,0,0,0
karatsuba,cm31_inv,host,1,48,48,,,54416,1133.6666666666667,0,0,48,0,0,0
karatsuba,cm31_inv,sbf,1,48,48,182360,3799.1666666666665,,,0,0,48,0,0,0
karatsuba,cm31_inv,host,2,48,48,,,52250,1088.5416666666667,0,0,48,0,0,0
karatsuba,cm31_inv,sbf,2,48,48,182360,3799.1666666666665,,,0,0,48,0,0,0
karatsuba,qm31_mul,host,0,256,256,,,202834,792.3203125,1024,0,0,256,0,0
karatsuba,qm31_mul,sbf,0,256,256,481988,1882.765625,,,1024,0,0,256,0,0
karatsuba,qm31_mul,host,1,256,256,,,205250,801.7578125,1024,0,0,256,0,0
karatsuba,qm31_mul,sbf,1,256,256,481988,1882.765625,,,1024,0,0,256,0,0
karatsuba,qm31_mul,host,2,256,256,,,214958,839.6796875,1024,0,0,256,0,0
karatsuba,qm31_mul,sbf,2,256,256,481988,1882.765625,,,1024,0,0,256,0,0
karatsuba,qm31_square,host,0,256,256,,,194625,760.25390625,512,512,0,0,256,0
karatsuba,qm31_square,sbf,0,256,256,442832,1729.8125,,,512,512,0,0,256,0
karatsuba,qm31_square,host,1,256,256,,,185167,723.30859375,512,512,0,0,256,0
karatsuba,qm31_square,sbf,1,256,256,442832,1729.8125,,,512,512,0,0,256,0
karatsuba,qm31_square,host,2,256,256,,,191709,748.86328125,512,512,0,0,256,0
karatsuba,qm31_square,sbf,2,256,256,442832,1729.8125,,,512,512,0,0,256,0
karatsuba,qm31_mul_const,host,0,256,256,,,162458,634.6015625,512,0,0,0,0,0
karatsuba,qm31_mul_const,sbf,0,256,256,349741,1366.17578125,,,512,0,0,0,0,0
karatsuba,qm31_mul_const,host,1,256,256,,,180500,705.078125,512,0,0,0,0,0
karatsuba,qm31_mul_const,sbf,1,256,256,349741,1366.17578125,,,512,0,0,0,0,0
karatsuba,qm31_mul_const,host,2,256,256,,,168583,658.52734375,512,0,0,0,0,0
karatsuba,qm31_mul_const,sbf,2,256,256,349741,1366.17578125,,,512,0,0,0,0,0
karatsuba,qm31_inv,host,0,24,24,,,33000,1375.0,72,48,24,0,0,24
karatsuba,qm31_inv,sbf,0,24,24,114739,4780.791666666667,,,72,48,24,0,0,24
karatsuba,qm31_inv,host,1,24,24,,,34750,1447.9166666666667,72,48,24,0,0,24
karatsuba,qm31_inv,sbf,1,24,24,114739,4780.791666666667,,,72,48,24,0,0,24
karatsuba,qm31_inv,host,2,24,24,,,28500,1187.5,72,48,24,0,0,24
karatsuba,qm31_inv,sbf,2,24,24,114739,4780.791666666667,,,72,48,24,0,0,24
karatsuba,skeleton_accumulator,host,0,96,96,,,169333,1763.8854166666667,1056,384,96,96,96,96
karatsuba,skeleton_accumulator,sbf,0,96,96,665859,6936.03125,,,1056,384,96,96,96,96
karatsuba,skeleton_accumulator,host,1,96,96,,,184750,1924.4791666666667,1056,384,96,96,96,96
karatsuba,skeleton_accumulator,sbf,1,96,96,665859,6936.03125,,,1056,384,96,96,96,96
karatsuba,skeleton_accumulator,host,2,96,96,,,170167,1772.5729166666667,1056,384,96,96,96,96
karatsuba,skeleton_accumulator,sbf,2,96,96,665859,6936.03125,,,1056,384,96,96,96,96
