variant,arithmetic_kernel_id,extension_kernel_id,lift_policy,whir_fold_mode,merkle_proof_mode,stage,repetition,proof_bytes,upload_chunk_size,upload_chunks,heap_frame_bytes_requested,heap_pages_32k,actual_cu,elapsed_ns,sha_calls,sha_bytes,merkle_levels,m31_mul_ops,cm31_mul_ops,qm31_mul_ops,field_mul_projection,extension_mul_projection,field_inv_projection,predicted_cu,predicted_component_cu,predicted_core_cu,predicted_transport_cu,abs_error_cu,rel_error
schoolbook_eager_qm31_raw_fibers,reference_canonical,schoolbook,eager_qm31,raw_fibers,separate_paths,host_verify,0,5120,640,8,32768,1,,6081833,1680,103296,128,5376,528,96,6912,672,96,,,,,,
schoolbook_eager_qm31_raw_fibers,reference_canonical,schoolbook,eager_qm31,raw_fibers,separate_paths,upload_total,0,5120,640,8,0,0,10464,,8,5376,0,0,0,0,6912,672,96,,,,,,
schoolbook_eager_qm31_raw_fibers,reference_canonical,schoolbook,eager_qm31,raw_fibers,separate_paths,verify_sbf,0,5120,640,8,32768,1,712132,,1680,103296,128,5376,528,96,6912,672,96,11802934.900544357,11776622.531897202,11770448.734074084,6173.797823117272,11080338.900544357,15.334071736550378
schoolbook_eager_qm31_raw_fibers,reference_canonical,schoolbook,eager_qm31,raw_fibers,separate_paths,total_sbf,0,5120,640,8,32768,1,722596,,1680,103296,128,5376,528,96,6912,672,96,11802934.900544357,11776622.531897202,11770448.734074084,6173.797823117272,11080338.900544357,15.334071736550378
schoolbook_eager_qm31_raw_fibers,reference_canonical,schoolbook,eager_qm31,raw_fibers,separate_paths,verify_sbf,1,5120,640,8,32768,1,712132,,1680,103296,128,5376,528,96,6912,672,96,11802934.900544357,11776622.531897202,11770448.734074084,6173.797823117272,11080338.900544357,15.334071736550378
schoolbook_eager_qm31_raw_fibers,reference_canonical,schoolbook,eager_qm31,raw_fibers,separate_paths,total_sbf,1,5120,640,8,32768,1,722596,,1680,103296,128,5376,528,96,6912,672,96,11802934.900544357,11776622.531897202,11770448.734074084,6173.797823117272,11080338.900544357,15.334071736550378
schoolbook_eager_qm31_raw_fibers,reference_canonical,schoolbook,eager_qm31,raw_fibers,separate_paths,verify_sbf,2,5120,640,8,32768,1,712132,,1680,103296,128,5376,528,96,6912,672,96,11802934.900544357,11776622.531897202,11770448.734074084,6173.797823117272,11080338.900544357,15.334071736550378
schoolbook_eager_qm31_raw_fibers,reference_canonical,schoolbook,eager_qm31,raw_fibers,separate_paths,total_sbf,2,5120,640,8,32768,1,722596,,1680,103296,128,5376,528,96,6912,672,96,11802934.900544357,11776622.531897202,11770448.734074084,6173.797823117272,11080338.900544357,15.334071736550378
schoolbook_eager_qm31_local_interpolant,reference_canonical,schoolbook,eager_qm31,local_interpolant,separate_paths,host_verify,0,5120,640,8,32768,1,,7318875,1680,103296,128,5376,528,96,6912,672,96,,,,,,
schoolbook_eager_qm31_local_interpolant,reference_canonical,schoolbook,eager_qm31,local_interpolant,separate_paths,upload_total,0,5120,640,8,0,0,10464,,8,5376,0,0,0,0,6912,672,96,,,,,,
schoolbook_eager_qm31_local_interpolant,reference_canonical,schoolbook,eager_qm31,local_interpolant,separate_paths,verify_sbf,0,5120,640,8,32768,1,709954,,1680,103296,128,5376,528,96,6912,672,96,11794061.772911172,11767752.482169718,11761578.6843466,6173.797823117272,11073643.772911172,15.371136996731304
schoolbook_eager_qm31_local_interpolant,reference_canonical,schoolbook,eager_qm31,local_interpolant,separate_paths,total_sbf,0,5120,640,8,32768,1,720418,,1680,103296,128,5376,528,96,6912,672,96,11794061.772911172,11767752.482169718,11761578.6843466,6173.797823117272,11073643.772911172,15.371136996731304
schoolbook_eager_qm31_local_interpolant,reference_canonical,schoolbook,eager_qm31,local_interpolant,separate_paths,verify_sbf,1,5120,640,8,32768,1,709954,,1680,103296,128,5376,528,96,6912,672,96,11794061.772911172,11767752.482169718,11761578.6843466,6173.797823117272,11073643.772911172,15.371136996731304
schoolbook_eager_qm31_local_interpolant,reference_canonical,schoolbook,eager_qm31,local_interpolant,separate_paths,total_sbf,1,5120,640,8,32768,1,720418,,1680,103296,128,5376,528,96,6912,672,96,11794061.772911172,11767752.482169718,11761578.6843466,6173.797823117272,11073643.772911172,15.371136996731304
schoolbook_eager_qm31_local_interpolant,reference_canonical,schoolbook,eager_qm31,local_interpolant,separate_paths,verify_sbf,2,5120,640,8,32768,1,709954,,1680,103296,128,5376,528,96,6912,672,96,11794061.772911172,11767752.482169718,11761578.6843466,6173.797823117272,11073643.772911172,15.371136996731304
schoolbook_eager_qm31_local_interpolant,reference_canonical,schoolbook,eager_qm31,local_interpolant,separate_paths,total_sbf,2,5120,640,8,32768,1,720418,,1680,103296,128,5376,528,96,6912,672,96,11794061.772911172,11767752.482169718,11761578.6843466,6173.797823117272,11073643.772911172,15.371136996731304
schoolbook_late_lift_qm31_raw_fibers,reference_canonical,schoolbook,late_lift_qm31,raw_fibers,separate_paths,host_verify,0,5120,640,8,32768,1,,7479459,1680,103296,128,4512,288,48,6048,432,96,,,,,,
schoolbook_late_lift_qm31_raw_fibers,reference_canonical,schoolbook,late_lift_qm31,raw_fibers,separate_paths,upload_total,0,5120,640,8,0,0,10464,,8,5376,0,0,0,0,6048,432,96,,,,,,
schoolbook_late_lift_qm31_raw_fibers,reference_canonical,schoolbook,late_lift_qm31,raw_fibers,separate_paths,verify_sbf,0,5120,640,8,32768,1,664903,,1680,103296,128,4512,288,48,6048,432,96,10591434.196357157,10565450.850142093,10559277.052318975,6173.797823117272,9916067.196357157,14.682486997968745
schoolbook_late_lift_qm31_raw_fibers,reference_canonical,schoolbook,late_lift_qm31,raw_fibers,separate_paths,total_sbf,0,5120,640,8,32768,1,675367,,1680,103296,128,4512,288,48,6048,432,96,10591434.196357157,10565450.850142093,10559277.052318975,6173.797823117272,9916067.196357157,14.682486997968745
schoolbook_late_lift_qm31_raw_fibers,reference_canonical,schoolbook,late_lift_qm31,raw_fibers,separate_paths,verify_sbf,1,5120,640,8,32768,1,664903,,1680,103296,128,4512,288,48,6048,432,96,10591434.196357157,10565450.850142093,10559277.052318975,6173.797823117272,9916067.196357157,14.682486997968745
schoolbook_late_lift_qm31_raw_fibers,reference_canonical,schoolbook,late_lift_qm31,raw_fibers,separate_paths,total_sbf,1,5120,640,8,32768,1,675367,,1680,103296,128,4512,288,48,6048,432,96,10591434.196357157,10565450.850142093,10559277.052318975,6173.797823117272,9916067.196357157,14.682486997968745
schoolbook_late_lift_qm31_raw_fibers,reference_canonical,schoolbook,late_lift_qm31,raw_fibers,separate_paths,verify_sbf,2,5120,640,8,32768,1,664903,,1680,103296,128,4512,288,48,6048,432,96,10591434.196357157,10565450.850142093,10559277.052318975,6173.797823117272,9916067.196357157,14.682486997968745
schoolbook_late_lift_qm31_raw_fibers,reference_canonical,schoolbook,late_lift_qm31,raw_fibers,separate_paths,total_sbf,2,5120,640,8,32768,1,675367,,1680,103296,128,4512,288,48,6048,432,96,10591434.196357157,10565450.850142093,10559277.052318975,6173.797823117272,9916067.196357157,14.682486997968745
schoolbook_late_lift_qm31_local_interpolant,reference_canonical,schoolbook,late_lift_qm31,local_interpolant,separate_paths,host_verify,0,5120,640,8,32768,1,,7834541,1680,103296,128,4512,288,48,6048,432,96,,,,,,
schoolbook_late_lift_qm31_local_interpolant,reference_canonical,schoolbook,late_lift_qm31,local_interpolant,separate_paths,upload_total,0,5120,640,8,0,0,10464,,8,5376,0,0,0,0,6048,432,96,,,,,,
schoolbook_late_lift_qm31_local_interpolant,reference_canonical,schoolbook,late_lift_qm31,local_interpolant,separate_paths,verify_sbf,0,5120,640,8,32768,1,662725,,1680,103296,128,4512,288,48,6048,432,96,10582561.068723973,10556580.800414609,10550407.00259149,6173.797823117272,9909372.068723973,14.720044547257862
schoolbook_late_lift_qm31_local_interpolant,reference_canonical,schoolbook,late_lift_qm31,local_interpolant,separate_paths,total_sbf,0,5120,640,8,32768,1,673189,,1680,103296,128,4512,288,48,6048,432,96,10582561.068723973,10556580.800414609,10550407.00259149,6173.797823117272,9909372.068723973,14.720044547257862
schoolbook_late_lift_qm31_local_interpolant,reference_canonical,schoolbook,late_lift_qm31,local_interpolant,separate_paths,verify_sbf,1,5120,640,8,32768,1,662725,,1680,103296,128,4512,288,48,6048,432,96,10582561.068723973,10556580.800414609,10550407.00259149,6173.797823117272,9909372.068723973,14.720044547257862
schoolbook_late_lift_qm31_local_interpolant,reference_canonical,schoolbook,late_lift_qm31,local_interpolant,separate_paths,total_sbf,1,5120,640,8,32768,1,673189,,1680,103296,128,4512,288,48,6048,432,96,10582561.068723973,10556580.800414609,10550407.00259149,6173.797823117272,9909372.068723973,14.720044547257862
schoolbook_late_lift_qm31_local_interpolant,reference_canonical,schoolbook,late_lift_qm31,local_interpolant,separate_paths,verify_sbf,2,5120,640,8,32768,1,662725,,1680,103296,128,4512,288,48,6048,432,96,10582561.068723973,10556580.800414609,10550407.00259149,6173.797823117272,9909372.068723973,14.720044547257862
schoolbook_late_lift_qm31_local_interpolant,reference_canonical,schoolbook,late_lift_qm31,local_interpolant,separate_paths,total_sbf,2,5120,640,8,32768,1,673189,,1680,103296,128,4512,288,48,6048,432,96,10582561.068723973,10556580.800414609,10550407.00259149,6173.797823117272,9909372.068723973,14.720044547257862
karatsuba_eager_qm31_raw_fibers,reference_canonical,karatsuba,eager_qm31,raw_fibers,separate_paths,host_verify,0,5120,640,8,32768,1,,7346709,1680,103296,128,4560,432,96,6096,576,96,,,,,,
karatsuba_eager_qm31_raw_fibers,reference_canonical,karatsuba,eager_qm31,raw_fibers,separate_paths,upload_total,0,5120,640,8,0,0,10464,,8,5376,0,0,0,0,6096,576,96,,,,,,
karatsuba_eager_qm31_raw_fibers,reference_canonical,karatsuba,eager_qm31,raw_fibers,separate_paths,verify_sbf,0,5120,640,8,32768,1,701317,,1680,103296,128,4560,432,96,6096,576,96,11159242.132181844,11133131.530279975,11126957.732456857,6173.797823117272,10447461.132181844,14.677915162362924
karatsuba_eager_qm31_raw_fibers,reference_canonical,karatsuba,eager_qm31,raw_fibers,separate_paths,total_sbf,0,5120,640,8,32768,1,711781,,1680,103296,128,4560,432,96,6096,576,96,11159242.132181844,11133131.530279975,11126957.732456857,6173.797823117272,10447461.132181844,14.677915162362924
karatsuba_eager_qm31_raw_fibers,reference_canonical,karatsuba,eager_qm31,raw_fibers,separate_paths,verify_sbf,1,5120,640,8,32768,1,701317,,1680,103296,128,4560,432,96,6096,576,96,11159242.132181844,11133131.530279975,11126957.732456857,6173.797823117272,10447461.132181844,14.677915162362924
karatsuba_eager_qm31_raw_fibers,reference_canonical,karatsuba,eager_qm31,raw_fibers,separate_paths,total_sbf,1,5120,640,8,32768,1,711781,,1680,103296,128,4560,432,96,6096,576,96,11159242.132181844,11133131.530279975,11126957.732456857,6173.797823117272,10447461.132181844,14.677915162362924
karatsuba_eager_qm31_raw_fibers,reference_canonical,karatsuba,eager_qm31,raw_fibers,separate_paths,verify_sbf,2,5120,640,8,32768,1,701317,,1680,103296,128,4560,432,96,6096,576,96,11159242.132181844,11133131.530279975,11126957.732456857,6173.797823117272,10447461.132181844,14.677915162362924
karatsuba_eager_qm31_raw_fibers,reference_canonical,karatsuba,eager_qm31,raw_fibers,separate_paths,total_sbf,2,5120,640,8,32768,1,711781,,1680,103296,128,4560,432,96,6096,576,96,11159242.132181844,11133131.530279975,11126957.732456857,6173.797823117272,10447461.132181844,14.677915162362924
karatsuba_eager_qm31_local_interpolant,reference_canonical,karatsuba,eager_qm31,local_interpolant,separate_paths,host_verify,0,5120,640,8,32768,1,,8548416,1680,103296,128,4560,432,96,6096,576,96,,,,,,
karatsuba_eager_qm31_local_interpolant,reference_canonical,karatsuba,eager_qm31,local_interpolant,separate_paths,upload_total,0,5120,640,8,0,0,10464,,8,5376,0,0,0,0,6096,576,96,,,,,,
karatsuba_eager_qm31_local_interpolant,reference_canonical,karatsuba,eager_qm31,local_interpolant,separate_paths,verify_sbf,0,5120,640,8,32768,1,699139,,1680,103296,128,4560,432,96,6096,576,96,11150369.00454866,11124261.48055249,11118087.682729373,6173.797823117272,10440766.00454866,14.7135313753587
karatsuba_eager_qm31_local_interpolant,reference_canonical,karatsuba,eager_qm31,local_interpolant,separate_paths,total_sbf,0,5120,640,8,32768,1,709603,,1680,103296,128,4560,432,96,6096,576,96,11150369.00454866,11124261.48055249,11118087.682729373,6173.797823117272,10440766.00454866,14.7135313753587
karatsuba_eager_qm31_local_interpolant,reference_canonical,karatsuba,eager_qm31,local_interpolant,separate_paths,verify_sbf,1,5120,640,8,32768,1,699139,,1680,103296,128,4560,432,96,6096,576,96,11150369.00454866,11124261.48055249,11118087.682729373,6173.797823117272,10440766.00454866,14.7135313753587
karatsuba_eager_qm31_local_interpolant,reference_canonical,karatsuba,eager_qm31,local_interpolant,separate_paths,total_sbf,1,5120,640,8,32768,1,709603,,1680,103296,128,4560,432,96,6096,576,96,11150369.00454866,11124261.48055249,11118087.682729373,6173.797823117272,10440766.00454866,14.7135313753587
karatsuba_eager_qm31_local_interpolant,reference_canonical,karatsuba,eager_qm31,local_interpolant,separate_paths,verify_sbf,2,5120,640,8,32768,1,699139,,1680,103296,128,4560,432,96,6096,576,96,11150369.00454866,11124261.48055249,11118087.682729373,6173.797823117272,10440766.00454866,14.7135313753587
karatsuba_eager_qm31_local_interpolant,reference_canonical,karatsuba,eager_qm31,local_interpolant,separate_paths,total_sbf,2,5120,640,8,32768,1,709603,,1680,103296,128,4560,432,96,6096,576,96,11150369.00454866,11124261.48055249,11118087.682729373,6173.797823117272,10440766.00454866,14.7135313753587
karatsuba_late_lift_qm31_raw_fibers,reference_canonical,karatsuba,late_lift_qm31,raw_fibers,separate_paths,host_verify,0,5120,640,8,32768,1,,8419875,1680,103296,128,4080,240,48,5616,384,96,,,,,,
karatsuba_late_lift_qm31_raw_fibers,reference_canonical,karatsuba,late_lift_qm31,raw_fibers,separate_paths,upload_total,0,5120,640,8,0,0,10464,,8,5376,0,0,0,0,5616,384,96,,,,,,
karatsuba_late_lift_qm31_raw_fibers,reference_canonical,karatsuba,late_lift_qm31,raw_fibers,separate_paths,verify_sbf,0,5120,640,8,32768,1,659484,,1680,103296,128,4080,240,48,5616,384,96,10260456.776839882,10234578.2452363,10228404.447413182,6173.797823117272,9590508.776839882,14.315303242699258
karatsuba_late_lift_qm31_raw_fibers,reference_canonical,karatsuba,late_lift_qm31,raw_fibers,separate_paths,total_sbf,0,5120,640,8,32768,1,669948,,1680,103296,128,4080,240,48,5616,384,96,10260456.776839882,10234578.2452363,10228404.447413182,6173.797823117272,9590508.776839882,14.315303242699258
karatsuba_late_lift_qm31_raw_fibers,reference_canonical,karatsuba,late_lift_qm31,raw_fibers,separate_paths,verify_sbf,1,5120,640,8,32768,1,659484,,1680,103296,128,4080,240,48,5616,384,96,10260456.776839882,10234578.2452363,10228404.447413182,6173.797823117272,9590508.776839882,14.315303242699258
karatsuba_late_lift_qm31_raw_fibers,reference_canonical,karatsuba,late_lift_qm31,raw_fibers,separate_paths,total_sbf,1,5120,640,8,32768,1,669948,,1680,103296,128,4080,240,48,5616,384,96,10260456.776839882,10234578.2452363,10228404.447413182,6173.797823117272,9590508.776839882,14.315303242699258
karatsuba_late_lift_qm31_raw_fibers,reference_canonical,karatsuba,late_lift_qm31,raw_fibers,separate_paths,verify_sbf,2,5120,640,8,32768,1,659484,,1680,103296,128,4080,240,48,5616,384,96,10260456.776839882,10234578.2452363,10228404.447413182,6173.797823117272,9590508.776839882,14.315303242699258
karatsuba_late_lift_qm31_raw_fibers,reference_canonical,karatsuba,late_lift_qm31,raw_fibers,separate_paths,total_sbf,2,5120,640,8,32768,1,669948,,1680,103296,128,4080,240,48,5616,384,96,10260456.776839882,10234578.2452363,10228404.447413182,6173.797823117272,9590508.776839882,14.315303242699258
karatsuba_late_lift_qm31_local_interpolant,reference_canonical,karatsuba,late_lift_qm31,local_interpolant,separate_paths,host_verify,0,5120,640,8,32768,1,,7963584,1680,103296,128,4080,240,48,5616,384,96,,,,,,
karatsuba_late_lift_qm31_local_interpolant,reference_canonical,karatsuba,late_lift_qm31,local_interpolant,separate_paths,upload_total,0,5120,640,8,0,0,10464,,8,5376,0,0,0,0,5616,384,96,,,,,,
karatsuba_late_lift_qm31_local_interpolant,reference_canonical,karatsuba,late_lift_qm31,local_interpolant,separate_paths,verify_sbf,0,5120,640,8,32768,1,657306,,1680,103296,128,4080,240,48,5616,384,96,10251583.649206698,10225708.195508815,10219534.397685697,6173.797823117272,9583813.649206698,14.351967966824951
karatsuba_late_lift_qm31_local_interpolant,reference_canonical,karatsuba,late_lift_qm31,local_interpolant,separate_paths,total_sbf,0,5120,640,8,32768,1,667770,,1680,103296,128,4080,240,48,5616,384,96,10251583.649206698,10225708.195508815,10219534.397685697,6173.797823117272,9583813.649206698,14.351967966824951
karatsuba_late_lift_qm31_local_interpolant,reference_canonical,karatsuba,late_lift_qm31,local_interpolant,separate_paths,verify_sbf,1,5120,640,8,32768,1,657306,,1680,103296,128,4080,240,48,5616,384,96,10251583.649206698,10225708.195508815,10219534.397685697,6173.797823117272,9583813.649206698,14.351967966824951
karatsuba_late_lift_qm31_local_interpolant,reference_canonical,karatsuba,late_lift_qm31,local_interpolant,separate_paths,total_sbf,1,5120,640,8,32768,1,667770,,1680,103296,128,4080,240,48,5616,384,96,10251583.649206698,10225708.195508815,10219534.397685697,6173.797823117272,9583813.649206698,14.351967966824951
karatsuba_late_lift_qm31_local_interpolant,reference_canonical,karatsuba,late_lift_qm31,local_interpolant,separate_paths,verify_sbf,2,5120,640,8,32768,1,657306,,1680,103296,128,4080,240,48,5616,384,96,10251583.649206698,10225708.195508815,10219534.397685697,6173.797823117272,9583813.649206698,14.351967966824951
karatsuba_late_lift_qm31_local_interpolant,reference_canonical,karatsuba,late_lift_qm31,local_interpolant,separate_paths,total_sbf,2,5120,640,8,32768,1,667770,,1680,103296,128,4080,240,48,5616,384,96,10251583.649206698,10225708.195508815,10219534.397685697,6173.797823117272,9583813.649206698,14.351967966824951
